/*******************************************************************************
 * Size: 14 px
 * Bpp: 4
 * Opts: --font tools\fonts\Roboto-Regular.ttf --size 14 --bpp 4 --format lvgl --no-compress -r 0x20-0x7F -r 0x400-0x4FF -o src\fonts\roboto_14.c
 ******************************************************************************/

#ifdef LV_LVGL_H_INCLUDE_SIMPLE
#include "lvgl.h"
#else
#include "lvgl/lvgl.h"
#endif

#ifndef ROBOTO_14
#define ROBOTO_14 1
#endif

#if ROBOTO_14

/*-----------------
 *    BITMAPS
 *----------------*/

/*Store the image of the glyphs*/
static LV_ATTRIBUTE_LARGE_CONST const uint8_t glyph_bitmap[] = {
    /* U+0020 " " */

    /* U+0021 "!" */
    0xd7, 0xd7, 0xd6, 0xd6, 0xc6, 0xc6, 0xc6, 0x73,
    0x0, 0x52, 0xb6,

    /* U+0022 "\"" */
    0x1e, 0x3b, 0x1d, 0x3b, 0x1c, 0x39, 0x6, 0x25,

    /* U+0023 "#" */
    0x0, 0x4, 0xb0, 0x78, 0x0, 0x0, 0x78, 0xa,
    0x50, 0x0, 0xa, 0x50, 0xd2, 0x0, 0xaf, 0xff,
    0xff, 0xf7, 0x0, 0xf, 0x3, 0xc0, 0x0, 0x2,
    0xd0, 0x5a, 0x0, 0x0, 0x4b, 0x8, 0x70, 0x2,
    0xff, 0xff, 0xff, 0xe0, 0x0, 0xa5, 0xd, 0x10,
    0x0, 0xd, 0x20, 0xe0, 0x0, 0x0, 0xe0, 0x3c,
    0x0, 0x0,

    /* U+0024 "$" */
    0x0, 0x4, 0x60, 0x0, 0x0, 0x7, 0x90, 0x0,
    0x1, 0xbf, 0xfc, 0x10, 0x9, 0xc1, 0x1c, 0xa0,
    0xd, 0x70, 0x5, 0xf0, 0xb, 0xa0, 0x0, 0x30,
    0x4, 0xfb, 0x40, 0x0, 0x0, 0x2a, 0xfd, 0x20,
    0x0, 0x0, 0x1c, 0xd0, 0x29, 0x0, 0x3, 0xf1,
    0x1f, 0x40, 0x5, 0xf0, 0x9, 0xf9, 0xaf, 0x80,
    0x0, 0x5c, 0xc4, 0x0, 0x0, 0x8, 0x70, 0x0,

    /* U+0025 "%" */
    0x7, 0xec, 0x20, 0x0, 0x0, 0x2d, 0x5, 0xa0,
    0x8, 0x0, 0x4a, 0x2, 0xc0, 0x87, 0x0, 0x2d,
    0x6, 0xa2, 0xd0, 0x0, 0x7, 0xdc, 0x2b, 0x40,
    0x0, 0x0, 0x0, 0x4b, 0x0, 0x0, 0x0, 0x0,
    0xd2, 0x9d, 0xa0, 0x0, 0x7, 0x84, 0xb0, 0x87,
    0x0, 0x1d, 0x6, 0x80, 0x4a, 0x0, 0x66, 0x4,
    0xb0, 0x78, 0x0, 0x0, 0x0, 0x9e, 0xb1,

    /* U+0026 "&" */
    0x0, 0x7e, 0xe6, 0x0, 0x0, 0x4f, 0x44, 0xf2,
    0x0, 0x7, 0xc0, 0xd, 0x50, 0x0, 0x5f, 0x14,
    0xf1, 0x0, 0x0, 0xdc, 0xf4, 0x0, 0x0, 0xb,
    0xf7, 0x0, 0x0, 0xb, 0xd7, 0xf2, 0x1d, 0x3,
    0xf2, 0x9, 0xd5, 0xe0, 0x3f, 0x0, 0xc, 0xf8,
    0x0, 0xd8, 0x1, 0xaf, 0x80, 0x2, 0xbe, 0xea,
    0x6f, 0x40,

    /* U+0027 "'" */
    0x4b, 0x4b, 0x4a, 0x24,

    /* U+0028 "(" */
    0x0, 0x5, 0x50, 0x3, 0xe2, 0x0, 0xd5, 0x0,
    0x4d, 0x0, 0xa, 0x90, 0x0, 0xe5, 0x0, 0xf,
    0x40, 0x1, 0xf2, 0x0, 0xf, 0x30, 0x0, 0xf5,
    0x0, 0xc, 0x70, 0x0, 0x7c, 0x0, 0x1, 0xf1,
    0x0, 0x8, 0xa0, 0x0, 0xb, 0x50, 0x0, 0x1,

    /* U+0029 ")" */
    0x72, 0x0, 0x3d, 0x10, 0x9, 0x90, 0x1, 0xf1,
    0x0, 0xc6, 0x0, 0x9a, 0x0, 0x7c, 0x0, 0x6d,
    0x0, 0x7d, 0x0, 0x8b, 0x0, 0xa8, 0x0, 0xe4,
    0x5, 0xd0, 0xc, 0x40, 0x88, 0x0, 0x20, 0x0,

    /* U+002A "*" */
    0x0, 0x78, 0x0, 0x10, 0x78, 0x1, 0xae, 0xcc,
    0xdb, 0x3, 0xff, 0x40, 0x7, 0xbc, 0x60, 0xc,
    0x22, 0xd0, 0x0, 0x0, 0x0,

    /* U+002B "+" */
    0x0, 0x7, 0x60, 0x0, 0x0, 0xb, 0x90, 0x0,
    0x0, 0xb, 0x90, 0x0, 0x7f, 0xff, 0xff, 0xf5,
    0x13, 0x3c, 0xa3, 0x31, 0x0, 0xb, 0x90, 0x0,
    0x0, 0xb, 0x90, 0x0, 0x0, 0xb, 0x90, 0x0,

    /* U+002C "," */
    0x2f, 0x12, 0xf0, 0x7b, 0x5, 0x20,

    /* U+002D "-" */
    0xbf, 0xf9, 0x12, 0x21,

    /* U+002E "." */
    0x6, 0x20, 0xd6,

    /* U+002F "/" */
    0x0, 0x0, 0xe2, 0x0, 0x4, 0xd0, 0x0, 0xa,
    0x70, 0x0, 0xe, 0x10, 0x0, 0x5b, 0x0, 0x0,
    0xb5, 0x0, 0x1, 0xf0, 0x0, 0x6, 0xa0, 0x0,
    0xc, 0x40, 0x0, 0x2e, 0x0, 0x0, 0x89, 0x0,
    0x0, 0x62, 0x0, 0x0,

    /* U+0030 "0" */
    0x1, 0xaf, 0xe9, 0x0, 0xa, 0xd3, 0x4e, 0x70,
    0xf, 0x40, 0x7, 0xd0, 0x2f, 0x10, 0x4, 0xf0,
    0x3f, 0x0, 0x3, 0xf0, 0x3f, 0x0, 0x3, 0xf1,
    0x3f, 0x0, 0x3, 0xf0, 0x2f, 0x10, 0x4, 0xf0,
    0xf, 0x50, 0x7, 0xd0, 0x9, 0xd3, 0x4e, 0x70,
    0x0, 0xaf, 0xe9, 0x0,

    /* U+0031 "1" */
    0x1, 0x7d, 0x9f, 0xef, 0x83, 0x4f, 0x0, 0x4f,
    0x0, 0x4f, 0x0, 0x4f, 0x0, 0x4f, 0x0, 0x4f,
    0x0, 0x4f, 0x0, 0x4f, 0x0, 0x4f,

    /* U+0032 "2" */
    0x1, 0xae, 0xe9, 0x0, 0xd, 0xa2, 0x4e, 0x80,
    0x3f, 0x10, 0x7, 0xd0, 0x15, 0x0, 0x7, 0xc0,
    0x0, 0x0, 0xc, 0x70, 0x0, 0x0, 0x7e, 0x0,
    0x0, 0x4, 0xf3, 0x0, 0x0, 0x2f, 0x60, 0x0,
    0x1, 0xd8, 0x0, 0x0, 0xb, 0xc1, 0x11, 0x10,
    0x2f, 0xff, 0xff, 0xf5,

    /* U+0033 "3" */
    0x1, 0xaf, 0xe7, 0x0, 0xca, 0x24, 0xe6, 0x2f,
    0x10, 0x8, 0xb0, 0x10, 0x0, 0x8b, 0x0, 0x0,
    0x2e, 0x50, 0x5, 0xff, 0xa0, 0x0, 0x2, 0x5e,
    0x70, 0x0, 0x0, 0x6e, 0x3d, 0x0, 0x6, 0xd1,
    0xe9, 0x23, 0xd8, 0x3, 0xbf, 0xe8, 0x0,

    /* U+0034 "4" */
    0x0, 0x0, 0x7f, 0x20, 0x0, 0x2, 0xff, 0x20,
    0x0, 0xb, 0xaf, 0x20, 0x0, 0x4e, 0x2f, 0x20,
    0x0, 0xe5, 0x1f, 0x20, 0x8, 0xb0, 0x1f, 0x20,
    0x2f, 0x20, 0x1f, 0x20, 0x9f, 0xff, 0xff, 0xf8,
    0x12, 0x22, 0x3f, 0x41, 0x0, 0x0, 0x1f, 0x20,
    0x0, 0x0, 0x1f, 0x20,

    /* U+0035 "5" */
    0x2f, 0xff, 0xff, 0x3, 0xf4, 0x44, 0x40, 0x4d,
    0x0, 0x0, 0x6, 0xc0, 0x0, 0x0, 0x7e, 0xdf,
    0xb1, 0x6, 0xb4, 0x4c, 0xc0, 0x0, 0x0, 0x2f,
    0x20, 0x0, 0x0, 0xf4, 0xc5, 0x0, 0x1f, 0x27,
    0xd3, 0x2b, 0xc0, 0x8, 0xee, 0xb1, 0x0,

    /* U+0036 "6" */
    0x0, 0x8, 0xdc, 0x0, 0x0, 0xcd, 0x52, 0x0,
    0x6, 0xe1, 0x0, 0x0, 0xc, 0x80, 0x0, 0x0,
    0xf, 0x8c, 0xea, 0x10, 0xf, 0xd4, 0x3d, 0xa0,
    0x1f, 0x40, 0x4, 0xf0, 0xf, 0x30, 0x1, 0xf2,
    0xc, 0x70, 0x3, 0xf0, 0x5, 0xe4, 0x3c, 0xa0,
    0x0, 0x7e, 0xea, 0x0,

    /* U+0037 "7" */
    0x7f, 0xff, 0xff, 0xf3, 0x1, 0x11, 0x15, 0xe0,
    0x0, 0x0, 0xa, 0x80, 0x0, 0x0, 0x1f, 0x20,
    0x0, 0x0, 0x8b, 0x0, 0x0, 0x0, 0xe5, 0x0,
    0x0, 0x5, 0xe0, 0x0, 0x0, 0xb, 0x80, 0x0,
    0x0, 0x2f, 0x20, 0x0, 0x0, 0x9b, 0x0, 0x0,
    0x0, 0xf5, 0x0, 0x0,

    /* U+0038 "8" */
    0x0, 0x9e, 0xe8, 0x0, 0x9, 0xd3, 0x4e, 0x70,
    0xe, 0x50, 0x8, 0xc0, 0xf, 0x50, 0x7, 0xc0,
    0x9, 0xc1, 0x1d, 0x70, 0x1, 0xef, 0xfc, 0x0,
    0xa, 0xb3, 0x4d, 0x80, 0x2f, 0x20, 0x4, 0xf0,
    0x2f, 0x10, 0x4, 0xf0, 0xd, 0xa2, 0x3c, 0xb0,
    0x2, 0xbe, 0xea, 0x10,

    /* U+0039 "9" */
    0x1, 0xbf, 0xe6, 0x0, 0xcb, 0x36, 0xf3, 0x2f,
    0x10, 0x9, 0xa4, 0xf0, 0x0, 0x6d, 0x3f, 0x10,
    0x5, 0xf0, 0xe9, 0x2, 0xde, 0x3, 0xef, 0xe9,
    0xd0, 0x0, 0x10, 0x8a, 0x0, 0x0, 0xe, 0x50,
    0x2, 0x5d, 0xc0, 0x0, 0xed, 0x80, 0x0,

    /* U+003A ":" */
    0xd, 0x50, 0x72, 0x0, 0x0, 0x0, 0x0, 0x0,
    0x0, 0x7, 0x20, 0xe5,

    /* U+003B ";" */
    0x1e, 0x30, 0x81, 0x0, 0x0, 0x0, 0x0, 0x0,
    0x0, 0xe, 0x21, 0xf2, 0x5d, 0x5, 0x40,

    /* U+003C "<" */
    0x0, 0x0, 0x3a, 0x10, 0x3, 0xbf, 0xb0, 0x2b,
    0xf9, 0x20, 0x7, 0xf7, 0x0, 0x0, 0x5, 0xce,
    0x81, 0x0, 0x0, 0x4c, 0xf1, 0x0, 0x0, 0x4,
    0x0,

    /* U+003D "=" */
    0xff, 0xff, 0xfb, 0x22, 0x22, 0x22, 0x0, 0x0,
    0x0, 0xff, 0xff, 0xfb, 0x22, 0x22, 0x22,

    /* U+003E ">" */
    0x1b, 0x30, 0x0, 0x0, 0xaf, 0xc4, 0x0, 0x0,
    0x17, 0xed, 0x40, 0x0, 0x5, 0xeb, 0x1, 0x7e,
    0xd6, 0x1, 0xfd, 0x50, 0x0, 0x4, 0x0, 0x0,
    0x0,

    /* U+003F "?" */
    0x5, 0xdf, 0xb2, 0x3, 0xf6, 0x3b, 0xc0, 0x48,
    0x0, 0x4f, 0x0, 0x0, 0x5, 0xf0, 0x0, 0x1,
    0xd9, 0x0, 0x0, 0xbc, 0x0, 0x0, 0x5f, 0x10,
    0x0, 0x7, 0xb0, 0x0, 0x0, 0x0, 0x0, 0x0,
    0x2, 0x40, 0x0, 0x0, 0x7b, 0x0, 0x0,

    /* U+0040 "@" */
    0x0, 0x0, 0x7d, 0xfe, 0xa2, 0x0, 0x0, 0x1d,
    0x82, 0x0, 0x5d, 0x40, 0x0, 0xc5, 0x0, 0x0,
    0x1, 0xd0, 0x5, 0xb0, 0x6, 0xed, 0x40, 0x76,
    0xb, 0x40, 0x4d, 0x17, 0xa0, 0x3a, 0xf, 0x0,
    0xc5, 0x7, 0x90, 0xd, 0x1d, 0x0, 0xf0, 0x8,
    0x70, 0xd, 0x2c, 0x3, 0xe0, 0x9, 0x60, 0xc,
    0x2d, 0x3, 0xd0, 0xb, 0x50, 0x3a, 0xf, 0x0,
    0xf1, 0x3f, 0x70, 0xb4, 0xb, 0x50, 0x7e, 0xa3,
    0xde, 0x70, 0x4, 0xd0, 0x0, 0x0, 0x0, 0x0,
    0x0, 0x8c, 0x40, 0x2, 0x20, 0x0, 0x0, 0x5,
    0xbe, 0xec, 0x50, 0x0,

    /* U+0041 "A" */
    0x0, 0x2, 0xf4, 0x0, 0x0, 0x0, 0x8f, 0xa0,
    0x0, 0x0, 0xd, 0x8f, 0x0, 0x0, 0x3, 0xf0,
    0xe5, 0x0, 0x0, 0x8b, 0x9, 0xb0, 0x0, 0xe,
    0x50, 0x3f, 0x10, 0x4, 0xf1, 0x0, 0xe6, 0x0,
    0x9f, 0xff, 0xff, 0xb0, 0xe, 0x72, 0x22, 0x5f,
    0x14, 0xf1, 0x0, 0x0, 0xe6, 0xab, 0x0, 0x0,
    0x8, 0xc0,

    /* U+0042 "B" */
    0xdf, 0xff, 0xd6, 0xd, 0x82, 0x26, 0xf4, 0xd7,
    0x0, 0xb, 0x9d, 0x70, 0x0, 0xb9, 0xd7, 0x0,
    0x4f, 0x4d, 0xff, 0xff, 0x90, 0xd8, 0x22, 0x5e,
    0x7d, 0x70, 0x0, 0x7d, 0xd7, 0x0, 0x7, 0xdd,
    0x82, 0x25, 0xe8, 0xdf, 0xff, 0xe8, 0x0,

    /* U+0043 "C" */
    0x0, 0x3b, 0xfe, 0x90, 0x0, 0x2f, 0x82, 0x4c,
    0xb0, 0xb, 0xb0, 0x0, 0x2f, 0x30, 0xf5, 0x0,
    0x0, 0x83, 0x2f, 0x30, 0x0, 0x0, 0x3, 0xf2,
    0x0, 0x0, 0x0, 0x2f, 0x30, 0x0, 0x0, 0x0,
    0xf5, 0x0, 0x0, 0x73, 0xb, 0xa0, 0x0, 0x2f,
    0x30, 0x3f, 0x82, 0x4c, 0xb0, 0x0, 0x4c, 0xfe,
    0x90, 0x0,

    /* U+0044 "D" */
    0xdf, 0xfe, 0xb2, 0x0, 0xd8, 0x23, 0x9f, 0x30,
    0xd7, 0x0, 0x9, 0xc0, 0xd7, 0x0, 0x2, 0xf2,
    0xd7, 0x0, 0x0, 0xf4, 0xd7, 0x0, 0x0, 0xf5,
    0xd7, 0x0, 0x0, 0xf4, 0xd7, 0x0, 0x3, 0xf2,
    0xd7, 0x0, 0xa, 0xc0, 0xd8, 0x23, 0x9f, 0x30,
    0xdf, 0xfe, 0xb3, 0x0,

    /* U+0045 "E" */
    0xdf, 0xff, 0xff, 0x6d, 0x82, 0x22, 0x21, 0xd7,
    0x0, 0x0, 0xd, 0x70, 0x0, 0x0, 0xd7, 0x0,
    0x0, 0xd, 0xff, 0xff, 0xc0, 0xd8, 0x22, 0x21,
    0xd, 0x70, 0x0, 0x0, 0xd7, 0x0, 0x0, 0xd,
    0x82, 0x22, 0x21, 0xdf, 0xff, 0xff, 0x70,

    /* U+0046 "F" */
    0xdf, 0xff, 0xff, 0x5d, 0x82, 0x22, 0x20, 0xd7,
    0x0, 0x0, 0xd, 0x70, 0x0, 0x0, 0xd7, 0x0,
    0x0, 0xd, 0xff, 0xff, 0x90, 0xd8, 0x22, 0x21,
    0xd, 0x70, 0x0, 0x0, 0xd7, 0x0, 0x0, 0xd,
    0x70, 0x0, 0x0, 0xd7, 0x0, 0x0, 0x0,

    /* U+0047 "G" */
    0x0, 0x4c, 0xfe, 0x91, 0x0, 0x3f, 0x93, 0x4c,
    0xb0, 0xb, 0xa0, 0x0, 0x2f, 0x30, 0xf5, 0x0,
    0x0, 0x73, 0x2f, 0x30, 0x0, 0x0, 0x2, 0xf2,
    0x0, 0x0, 0x0, 0x1f, 0x30, 0x1f, 0xff, 0x70,
    0xf6, 0x0, 0x22, 0xd8, 0xa, 0xc0, 0x0, 0xc,
    0x80, 0x2f, 0xa3, 0x36, 0xf6, 0x0, 0x2b, 0xef,
    0xc6, 0x0,

    /* U+0048 "H" */
    0xd7, 0x0, 0x0, 0x8d, 0xd7, 0x0, 0x0, 0x8d,
    0xd7, 0x0, 0x0, 0x8d, 0xd7, 0x0, 0x0, 0x8d,
    0xd7, 0x0, 0x0, 0x8d, 0xdf, 0xff, 0xff, 0xfd,
    0xd8, 0x22, 0x22, 0x9d, 0xd7, 0x0, 0x0, 0x8d,
    0xd7, 0x0, 0x0, 0x8d, 0xd7, 0x0, 0x0, 0x8d,
    0xd7, 0x0, 0x0, 0x8d,

    /* U+0049 "I" */
    0xc9, 0xc9, 0xc9, 0xc9, 0xc9, 0xc9, 0xc9, 0xc9,
    0xc9, 0xc9, 0xc9,

    /* U+004A "J" */
    0x0, 0x0, 0xa, 0xa0, 0x0, 0x0, 0xaa, 0x0,
    0x0, 0xa, 0xa0, 0x0, 0x0, 0xaa, 0x0, 0x0,
    0xa, 0xa0, 0x0, 0x0, 0xaa, 0x0, 0x0, 0xa,
    0xa1, 0x10, 0x0, 0xaa, 0x8c, 0x0, 0xd, 0x83,
    0xf7, 0x27, 0xf2, 0x5, 0xdf, 0xd4, 0x0,

    /* U+004B "K" */
    0xd7, 0x0, 0x8, 0xe2, 0xd7, 0x0, 0x5f, 0x40,
    0xd7, 0x2, 0xf7, 0x0, 0xd7, 0x1e, 0xa0, 0x0,
    0xd7, 0xcd, 0x0, 0x0, 0xde, 0xfe, 0x10, 0x0,
    0xdf, 0x4d, 0xa0, 0x0, 0xd8, 0x3, 0xf6, 0x0,
    0xd7, 0x0, 0x8f, 0x10, 0xd7, 0x0, 0xc, 0xb0,
    0xd7, 0x0, 0x2, 0xf7,

    /* U+004C "L" */
    0xd7, 0x0, 0x0, 0xd, 0x70, 0x0, 0x0, 0xd7,
    0x0, 0x0, 0xd, 0x70, 0x0, 0x0, 0xd7, 0x0,
    0x0, 0xd, 0x70, 0x0, 0x0, 0xd7, 0x0, 0x0,
    0xd, 0x70, 0x0, 0x0, 0xd7, 0x0, 0x0, 0xd,
    0x82, 0x22, 0x20, 0xdf, 0xff, 0xff, 0x30,

    /* U+004D "M" */
    0xdf, 0x0, 0x0, 0x0, 0xdf, 0x1d, 0xf6, 0x0,
    0x0, 0x2f, 0xf1, 0xdd, 0xc0, 0x0, 0x8, 0xdf,
    0x1d, 0x8f, 0x10, 0x0, 0xe8, 0xf1, 0xd6, 0xc7,
    0x0, 0x4f, 0x3f, 0x1d, 0x66, 0xd0, 0xa, 0xa3,
    0xf1, 0xd7, 0x1f, 0x30, 0xf4, 0x3f, 0x1d, 0x70,
    0xb9, 0x5e, 0x4, 0xf1, 0xd7, 0x5, 0xeb, 0x80,
    0x4f, 0x1d, 0x70, 0xe, 0xf2, 0x4, 0xf1, 0xd7,
    0x0, 0x9c, 0x0, 0x4f, 0x10,

    /* U+004E "N" */
    0xdc, 0x0, 0x0, 0x8d, 0xdf, 0x50, 0x0, 0x8d,
    0xde, 0xe0, 0x0, 0x8d, 0xd8, 0xe8, 0x0, 0x8d,
    0xd7, 0x5f, 0x20, 0x8d, 0xd7, 0xc, 0xb0, 0x8d,
    0xd7, 0x3, 0xf4, 0x8d, 0xd7, 0x0, 0x9d, 0x8d,
    0xd7, 0x0, 0x1e, 0xed, 0xd7, 0x0, 0x6, 0xfd,
    0xd7, 0x0, 0x0, 0xcd,

    /* U+004F "O" */
    0x0, 0x3b, 0xfe, 0x90, 0x0, 0x2f, 0x93, 0x5d,
    0xb0, 0xa, 0xb0, 0x0, 0x1f, 0x40, 0xf5, 0x0,
    0x0, 0xb9, 0x2f, 0x20, 0x0, 0x9, 0xc2, 0xf1,
    0x0, 0x0, 0x8c, 0x2f, 0x20, 0x0, 0x9, 0xc0,
    0xf5, 0x0, 0x0, 0xb9, 0xa, 0xb0, 0x0, 0x1f,
    0x50, 0x2f, 0x93, 0x5d, 0xc0, 0x0, 0x3b, 0xfe,
    0x90, 0x0,

    /* U+0050 "P" */
    0xdf, 0xff, 0xe9, 0x0, 0xd8, 0x22, 0x4d, 0xa0,
    0xd7, 0x0, 0x3, 0xf2, 0xd7, 0x0, 0x0, 0xf4,
    0xd7, 0x0, 0x2, 0xf2, 0xd7, 0x0, 0x1b, 0xd0,
    0xdf, 0xff, 0xfc, 0x20, 0xd8, 0x22, 0x0, 0x0,
    0xd7, 0x0, 0x0, 0x0, 0xd7, 0x0, 0x0, 0x0,
    0xd7, 0x0, 0x0, 0x0,

    /* U+0051 "Q" */
    0x0, 0x3c, 0xfe, 0x80, 0x0, 0x3f, 0x93, 0x5d,
    0xb0, 0xb, 0xa0, 0x0, 0x2f, 0x31, 0xf4, 0x0,
    0x0, 0xc8, 0x3f, 0x20, 0x0, 0xa, 0xb3, 0xf1,
    0x0, 0x0, 0x9b, 0x3f, 0x20, 0x0, 0xa, 0xb1,
    0xf4, 0x0, 0x0, 0xc9, 0xb, 0xa0, 0x0, 0x2f,
    0x40, 0x3f, 0x83, 0x5e, 0xb0, 0x0, 0x3c, 0xfe,
    0xf5, 0x0, 0x0, 0x0, 0x7, 0xf6, 0x0, 0x0,
    0x0, 0x4, 0x20,

    /* U+0052 "R" */
    0xdf, 0xff, 0xd6, 0x0, 0xd8, 0x22, 0x6f, 0x50,
    0xd7, 0x0, 0x9, 0xc0, 0xd7, 0x0, 0x6, 0xe0,
    0xd7, 0x0, 0x8, 0xd0, 0xd7, 0x0, 0x4f, 0x70,
    0xdf, 0xff, 0xf8, 0x0, 0xd8, 0x23, 0xe6, 0x0,
    0xd7, 0x0, 0x6e, 0x0, 0xd7, 0x0, 0xd, 0x80,
    0xd7, 0x0, 0x5, 0xf1,

    /* U+0053 "S" */
    0x0, 0x9e, 0xfc, 0x40, 0xa, 0xd4, 0x37, 0xf3,
    0xf, 0x40, 0x0, 0xba, 0xf, 0x60, 0x0, 0x22,
    0x9, 0xf8, 0x20, 0x0, 0x0, 0x6d, 0xfc, 0x40,
    0x0, 0x0, 0x3b, 0xf4, 0x13, 0x0, 0x0, 0xbb,
    0x5f, 0x10, 0x0, 0x9b, 0xd, 0xc4, 0x26, 0xf5,
    0x1, 0x9e, 0xfd, 0x60,

    /* U+0054 "T" */
    0xaf, 0xff, 0xff, 0xff, 0x1, 0x22, 0x8d, 0x22,
    0x20, 0x0, 0x7, 0xd0, 0x0, 0x0, 0x0, 0x7d,
    0x0, 0x0, 0x0, 0x7, 0xd0, 0x0, 0x0, 0x0,
    0x7d, 0x0, 0x0, 0x0, 0x7, 0xd0, 0x0, 0x0,
    0x0, 0x7d, 0x0, 0x0, 0x0, 0x7, 0xd0, 0x0,
    0x0, 0x0, 0x7d, 0x0, 0x0, 0x0, 0x7, 0xd0,
    0x0, 0x0,

    /* U+0055 "U" */
    0xf, 0x40, 0x0, 0x2f, 0x20, 0xf4, 0x0, 0x2,
    0xf2, 0xf, 0x40, 0x0, 0x2f, 0x20, 0xf4, 0x0,
    0x2, 0xf2, 0xf, 0x40, 0x0, 0x2f, 0x20, 0xf4,
    0x0, 0x2, 0xf2, 0xf, 0x40, 0x0, 0x2f, 0x20,
    0xf4, 0x0, 0x2, 0xf2, 0xd, 0x70, 0x0, 0x6f,
    0x0, 0x6f, 0x62, 0x5e, 0x80, 0x0, 0x6d, 0xfd,
    0x70, 0x0,

    /* U+0056 "V" */
    0xac, 0x0, 0x0, 0xd, 0x95, 0xf1, 0x0, 0x3,
    0xf3, 0xf, 0x60, 0x0, 0x8e, 0x0, 0xac, 0x0,
    0xd, 0x80, 0x4, 0xf1, 0x2, 0xf3, 0x0, 0xf,
    0x60, 0x7e, 0x0, 0x0, 0xab, 0xd, 0x80, 0x0,
    0x4, 0xf3, 0xf3, 0x0, 0x0, 0xf, 0xdd, 0x0,
    0x0, 0x0, 0xaf, 0x80, 0x0, 0x0, 0x4, 0xf3,
    0x0, 0x0,

    /* U+0057 "W" */
    0x7d, 0x0, 0x6, 0xf0, 0x0, 0x4f, 0x4, 0xf0,
    0x0, 0xaf, 0x30, 0x8, 0xc0, 0xf, 0x40, 0xe,
    0xd7, 0x0, 0xb9, 0x0, 0xd7, 0x2, 0xf7, 0xb0,
    0xe, 0x50, 0x9, 0xa0, 0x6b, 0x2f, 0x2, 0xf2,
    0x0, 0x6d, 0xa, 0x70, 0xe3, 0x5e, 0x0, 0x2,
    0xf1, 0xe3, 0xa, 0x78, 0xb0, 0x0, 0xe, 0x7e,
    0x0, 0x6b, 0xb7, 0x0, 0x0, 0xbd, 0xa0, 0x2,
    0xee, 0x40, 0x0, 0x8, 0xf6, 0x0, 0xd, 0xf0,
    0x0, 0x0, 0x4f, 0x20, 0x0, 0x9d, 0x0, 0x0,

    /* U+0058 "X" */
    0x3f, 0x40, 0x0, 0x8f, 0x10, 0xad, 0x0, 0x2f,
    0x70, 0x2, 0xf7, 0xa, 0xd0, 0x0, 0x8, 0xf6,
    0xf4, 0x0, 0x0, 0xe, 0xfb, 0x0, 0x0, 0x0,
    0x8f, 0x50, 0x0, 0x0, 0x1e, 0xfc, 0x0, 0x0,
    0x9, 0xe3, 0xf5, 0x0, 0x2, 0xf5, 0x9, 0xe0,
    0x0, 0xbc, 0x0, 0x1e, 0x80, 0x5f, 0x30, 0x0,
    0x7f, 0x20,

    /* U+0059 "Y" */
    0xad, 0x0, 0x0, 0x7f, 0x12, 0xf5, 0x0, 0xe,
    0x80, 0xa, 0xd0, 0x7, 0xf1, 0x0, 0x2f, 0x40,
    0xe8, 0x0, 0x0, 0xac, 0x6f, 0x10, 0x0, 0x2,
    0xff, 0x80, 0x0, 0x0, 0xa, 0xf1, 0x0, 0x0,
    0x0, 0x7d, 0x0, 0x0, 0x0, 0x7, 0xd0, 0x0,
    0x0, 0x0, 0x7d, 0x0, 0x0, 0x0, 0x7, 0xd0,
    0x0, 0x0,

    /* U+005A "Z" */
    0x5f, 0xff, 0xff, 0xf9, 0x2, 0x22, 0x25, 0xf5,
    0x0, 0x0, 0xc, 0xb0, 0x0, 0x0, 0x6f, 0x10,
    0x0, 0x1, 0xe7, 0x0, 0x0, 0xa, 0xd0, 0x0,
    0x0, 0x4f, 0x30, 0x0, 0x0, 0xd9, 0x0, 0x0,
    0x8, 0xe1, 0x0, 0x0, 0x2f, 0x72, 0x22, 0x21,
    0x6f, 0xff, 0xff, 0xfd,

    /* U+005B "[" */
    0xff, 0x8f, 0x51, 0xf4, 0xf, 0x40, 0xf4, 0xf,
    0x40, 0xf4, 0xf, 0x40, 0xf4, 0xf, 0x40, 0xf4,
    0xf, 0x40, 0xf4, 0xf, 0xf8, 0x22, 0x10,

    /* U+005C "\\" */
    0x8a, 0x0, 0x0, 0x2f, 0x0, 0x0, 0xd, 0x60,
    0x0, 0x7, 0xb0, 0x0, 0x1, 0xf1, 0x0, 0x0,
    0xb7, 0x0, 0x0, 0x5d, 0x0, 0x0, 0xf, 0x30,
    0x0, 0xa, 0x80, 0x0, 0x4, 0xe0, 0x0, 0x0,
    0xe4, 0x0, 0x0, 0x54,

    /* U+005D "]" */
    0xef, 0x92, 0xaa, 0xa, 0xa0, 0xaa, 0xa, 0xa0,
    0xaa, 0xa, 0xa0, 0xaa, 0xa, 0xa0, 0xaa, 0xa,
    0xa0, 0xaa, 0xa, 0xae, 0xfa, 0x22, 0x10,

    /* U+005E "^" */
    0x0, 0x43, 0x0, 0x0, 0xeb, 0x0, 0x4, 0xef,
    0x10, 0xa, 0x8b, 0x70, 0xf, 0x25, 0xd0, 0x6c,
    0x0, 0xe3,

    /* U+005F "_" */
    0xef, 0xff, 0xff, 0x42, 0x22, 0x22, 0x20,

    /* U+0060 "`" */
    0x3f, 0x40, 0x4, 0xd0,

    /* U+0061 "a" */
    0x2, 0xbf, 0xe8, 0x0, 0xe9, 0x14, 0xf5, 0x3,
    0x0, 0xb, 0x90, 0x2b, 0xef, 0xf9, 0xe, 0x80,
    0xa, 0x93, 0xf0, 0x0, 0xb9, 0x1f, 0x83, 0x8f,
    0x90, 0x5d, 0xea, 0x8a,

    /* U+0062 "b" */
    0xf, 0x30, 0x0, 0x0, 0xf, 0x30, 0x0, 0x0,
    0xf, 0x30, 0x0, 0x0, 0xf, 0x8d, 0xfb, 0x10,
    0xf, 0xc3, 0x4d, 0xa0, 0xf, 0x40, 0x4, 0xf0,
    0xf, 0x30, 0x1, 0xf2, 0xf, 0x30, 0x1, 0xf2,
    0xf, 0x40, 0x4, 0xf0, 0xf, 0xc3, 0x4d, 0xa0,
    0xf, 0x7d, 0xfb, 0x10,

    /* U+0063 "c" */
    0x1, 0xaf, 0xe8, 0x0, 0xcc, 0x23, 0xe7, 0x2f,
    0x20, 0x5, 0x95, 0xe0, 0x0, 0x0, 0x5e, 0x0,
    0x0, 0x2, 0xf2, 0x0, 0x37, 0xb, 0xb2, 0x3d,
    0x70, 0x1a, 0xfe, 0x80,

    /* U+0064 "d" */
    0x0, 0x0, 0x6, 0xe0, 0x0, 0x0, 0x6e, 0x0,
    0x0, 0x6, 0xe0, 0x1b, 0xfc, 0x9e, 0xb, 0xc3,
    0x4d, 0xe2, 0xf3, 0x0, 0x6e, 0x4f, 0x0, 0x6,
    0xe4, 0xf0, 0x0, 0x6e, 0x2f, 0x20, 0x6, 0xe0,
    0xbb, 0x12, 0xce, 0x1, 0xbf, 0xd9, 0xe0,

    /* U+0065 "e" */
    0x0, 0x9f, 0xe8, 0x0, 0xab, 0x24, 0xe6, 0x2f,
    0x10, 0x7, 0xc5, 0xff, 0xff, 0xfe, 0x5f, 0x22,
    0x22, 0x22, 0xf3, 0x0, 0x0, 0xb, 0xd3, 0x2a,
    0x90, 0x1a, 0xff, 0xa1,

    /* U+0066 "f" */
    0x0, 0x8e, 0xc0, 0x4f, 0x52, 0x6, 0xd0, 0x9,
    0xff, 0xf6, 0x7, 0xd0, 0x0, 0x6d, 0x0, 0x6,
    0xd0, 0x0, 0x6d, 0x0, 0x6, 0xd0, 0x0, 0x6d,
    0x0, 0x6, 0xd0, 0x0,

    /* U+0067 "g" */
    0x1, 0xbf, 0xd8, 0xe0, 0xbc, 0x34, 0xde, 0x2f,
    0x20, 0x6, 0xe4, 0xf0, 0x0, 0x5e, 0x4f, 0x0,
    0x5, 0xe2, 0xf2, 0x0, 0x6e, 0xb, 0xc3, 0x4d,
    0xe0, 0x1b, 0xfc, 0x9e, 0x0, 0x0, 0x7, 0xc0,
    0xb7, 0x24, 0xe6, 0x3, 0xbf, 0xe7, 0x0,

    /* U+0068 "h" */
    0xf, 0x30, 0x0, 0x0, 0xf3, 0x0, 0x0, 0xf,
    0x30, 0x0, 0x0, 0xf7, 0xdf, 0xb1, 0xf, 0xd4,
    0x3e, 0x80, 0xf4, 0x0, 0x8b, 0xf, 0x30, 0x7,
    0xc0, 0xf3, 0x0, 0x7c, 0xf, 0x30, 0x7, 0xc0,
    0xf3, 0x0, 0x7c, 0xf, 0x30, 0x7, 0xc0,

    /* U+0069 "i" */
    0xd, 0x40, 0x61, 0x0, 0x0, 0xf5, 0xf, 0x50,
    0xf5, 0xf, 0x50, 0xf5, 0xf, 0x50, 0xf5, 0xf,
    0x50,

    /* U+006A "j" */
    0x0, 0xe3, 0x0, 0x71, 0x0, 0x0, 0x0, 0xf4,
    0x0, 0xf4, 0x0, 0xf4, 0x0, 0xf4, 0x0, 0xf4,
    0x0, 0xf4, 0x0, 0xf4, 0x0, 0xf4, 0x0, 0xf4,
    0x15, 0xf2, 0x6f, 0x90,

    /* U+006B "k" */
    0xf, 0x30, 0x0, 0x0, 0xf, 0x30, 0x0, 0x0,
    0xf, 0x30, 0x0, 0x0, 0xf, 0x30, 0x4f, 0x50,
    0xf, 0x32, 0xe7, 0x0, 0xf, 0x5e, 0x90, 0x0,
    0xf, 0xef, 0x10, 0x0, 0xf, 0xcd, 0xa0, 0x0,
    0xf, 0x32, 0xf5, 0x0, 0xf, 0x30, 0x7e, 0x10,
    0xf, 0x30, 0xb, 0xb0,

    /* U+006C "l" */
    0xf5, 0xf5, 0xf5, 0xf5, 0xf5, 0xf5, 0xf5, 0xf5,
    0xf5, 0xf5, 0xf5,

    /* U+006D "m" */
    0xf, 0x7d, 0xfb, 0x19, 0xfe, 0x60, 0xf, 0xc3,
    0x4e, 0xf8, 0x28, 0xf1, 0xf, 0x30, 0x8, 0xd0,
    0x0, 0xf4, 0xf, 0x30, 0x8, 0xc0, 0x0, 0xf5,
    0xf, 0x30, 0x8, 0xc0, 0x0, 0xf5, 0xf, 0x30,
    0x8, 0xc0, 0x0, 0xf5, 0xf, 0x30, 0x8, 0xc0,
    0x0, 0xf5, 0xf, 0x30, 0x8, 0xc0, 0x0, 0xf5,

    /* U+006E "n" */
    0xf, 0x6d, 0xfb, 0x10, 0xfd, 0x43, 0xe8, 0xf,
    0x40, 0x8, 0xb0, 0xf3, 0x0, 0x7c, 0xf, 0x30,
    0x7, 0xc0, 0xf3, 0x0, 0x7c, 0xf, 0x30, 0x7,
    0xc0, 0xf3, 0x0, 0x7c,

    /* U+006F "o" */
    0x0, 0x9e, 0xf9, 0x0, 0xb, 0xc3, 0x3d, 0xa0,
    0x2f, 0x20, 0x3, 0xf1, 0x5f, 0x0, 0x0, 0xf4,
    0x4f, 0x0, 0x0, 0xf5, 0x2f, 0x20, 0x3, 0xf2,
    0xa, 0xc3, 0x3d, 0xa0, 0x0, 0xaf, 0xe9, 0x0,

    /* U+0070 "p" */
    0xf, 0x7d, 0xfb, 0x10, 0xf, 0xa1, 0x2d, 0xa0,
    0xf, 0x30, 0x4, 0xf0, 0xf, 0x30, 0x1, 0xf2,
    0xf, 0x30, 0x2, 0xf2, 0xf, 0x30, 0x5, 0xf0,
    0xf, 0xb2, 0x3d, 0x90, 0xf, 0x8d, 0xfb, 0x10,
    0xf, 0x30, 0x0, 0x0, 0xf, 0x30, 0x0, 0x0,
    0xf, 0x30, 0x0, 0x0,

    /* U+0071 "q" */
    0x2, 0xcf, 0xc8, 0xe0, 0xcc, 0x33, 0xde, 0x2f,
    0x20, 0x6, 0xe4, 0xf0, 0x0, 0x6e, 0x4f, 0x0,
    0x6, 0xe2, 0xf2, 0x0, 0x6e, 0xb, 0xc3, 0x3d,
    0xe0, 0x1c, 0xfc, 0x9e, 0x0, 0x0, 0x6, 0xe0,
    0x0, 0x0, 0x6e, 0x0, 0x0, 0x6, 0xe0,

    /* U+0072 "r" */
    0x0, 0x0, 0x0, 0xf8, 0xe8, 0xf, 0xc3, 0x10,
    0xf3, 0x0, 0xf, 0x30, 0x0, 0xf3, 0x0, 0xf,
    0x30, 0x0, 0xf3, 0x0, 0xf, 0x30, 0x0,

    /* U+0073 "s" */
    0x3, 0xcf, 0xd6, 0x0, 0xe9, 0x26, 0xf3, 0xf,
    0x40, 0x5, 0x20, 0x8f, 0xa6, 0x0, 0x0, 0x27,
    0xce, 0x22, 0x80, 0x0, 0xd7, 0x1f, 0x82, 0x4f,
    0x50, 0x4c, 0xfe, 0x70,

    /* U+0074 "t" */
    0x9, 0xa0, 0x0, 0x9a, 0x0, 0xff, 0xff, 0x0,
    0x9a, 0x0, 0x9, 0xa0, 0x0, 0x9a, 0x0, 0x9,
    0xa0, 0x0, 0x9a, 0x0, 0x8, 0xd3, 0x0, 0x2d,
    0xf1,

    /* U+0075 "u" */
    0x1f, 0x30, 0x8, 0xc1, 0xf3, 0x0, 0x8c, 0x1f,
    0x30, 0x8, 0xc1, 0xf3, 0x0, 0x8c, 0x1f, 0x30,
    0x8, 0xc0, 0xf3, 0x0, 0x8c, 0xd, 0xa2, 0x5e,
    0xc0, 0x3d, 0xfb, 0x9c,

    /* U+0076 "v" */
    0x9a, 0x0, 0xe, 0x54, 0xf0, 0x3, 0xf0, 0xe,
    0x40, 0x8b, 0x0, 0x99, 0xd, 0x50, 0x4, 0xe2,
    0xf0, 0x0, 0xe, 0xab, 0x0, 0x0, 0x9f, 0x50,
    0x0, 0x4, 0xf1, 0x0,

    /* U+0077 "w" */
    0x9a, 0x0, 0x6e, 0x0, 0x3f, 0x14, 0xe0, 0xb,
    0xf2, 0x6, 0xc0, 0xf, 0x20, 0xfa, 0x70, 0xa8,
    0x0, 0xc6, 0x4c, 0x5c, 0xe, 0x30, 0x8, 0xa8,
    0x70, 0xf3, 0xf0, 0x0, 0x3e, 0xd3, 0xb, 0xbb,
    0x0, 0x0, 0xfe, 0x0, 0x6f, 0x70, 0x0, 0xb,
    0x90, 0x2, 0xf2, 0x0,

    /* U+0078 "x" */
    0x5f, 0x20, 0x3f, 0x40, 0xba, 0xc, 0xa0, 0x2,
    0xf9, 0xf1, 0x0, 0x7, 0xf6, 0x0, 0x0, 0x8f,
    0x70, 0x0, 0x3f, 0x7f, 0x20, 0xc, 0x90, 0xbb,
    0x6, 0xf1, 0x2, 0xf5,

    /* U+0079 "y" */
    0xaa, 0x0, 0x1f, 0x45, 0xf0, 0x5, 0xe0, 0xf,
    0x50, 0xaa, 0x0, 0xaa, 0xe, 0x40, 0x5, 0xe3,
    0xf0, 0x0, 0xf, 0xca, 0x0, 0x0, 0xaf, 0x50,
    0x0, 0x4, 0xf0, 0x0, 0x0, 0x7a, 0x0, 0x1,
    0x4e, 0x40, 0x0, 0x6f, 0x80, 0x0, 0x0,

    /* U+007A "z" */
    0x5f, 0xff, 0xff, 0x40, 0x11, 0x1a, 0xd0, 0x0,
    0x4, 0xf3, 0x0, 0x1, 0xe7, 0x0, 0x0, 0xac,
    0x0, 0x0, 0x5f, 0x20, 0x0, 0x1e, 0x81, 0x11,
    0x6, 0xff, 0xff, 0xf7,

    /* U+007B "{" */
    0x0, 0x2, 0x30, 0x5, 0xe3, 0x0, 0xd6, 0x0,
    0x1f, 0x20, 0x1, 0xf2, 0x0, 0x2f, 0x20, 0x7,
    0xe0, 0x8, 0xf5, 0x0, 0x1a, 0xd0, 0x0, 0x2f,
    0x10, 0x1, 0xf2, 0x0, 0x1f, 0x20, 0x0, 0xe5,
    0x0, 0x7, 0xd2, 0x0, 0x5, 0x40,

    /* U+007C "|" */
    0xc3, 0xc3, 0xc3, 0xc3, 0xc3, 0xc3, 0xc3, 0xc3,
    0xc3, 0xc3, 0xc3, 0xc3, 0x61,

    /* U+007D "}" */
    0x41, 0x0, 0x7, 0xe2, 0x0, 0xa, 0x90, 0x0,
    0x7c, 0x0, 0x7, 0xd0, 0x0, 0x6d, 0x0, 0x3,
    0xf3, 0x0, 0x9, 0xf4, 0x2, 0xf6, 0x0, 0x6e,
    0x0, 0x7, 0xd0, 0x0, 0x7c, 0x0, 0x9, 0xa0,
    0x5, 0xe3, 0x0, 0x73, 0x0, 0x0,

    /* U+007E "~" */
    0x3, 0xde, 0x60, 0x7, 0x90, 0xc8, 0x5f, 0x71,
    0xc5, 0xe, 0x0, 0x3e, 0xfb, 0x0, 0x0, 0x0,
    0x1, 0x0,

    /* U+0400 "Ѐ" */
    0x5, 0x60, 0x0, 0x0, 0x1e, 0x40, 0x0, 0x0,
    0x26, 0x0, 0xd, 0xff, 0xff, 0xf6, 0xd8, 0x22,
    0x22, 0x1d, 0x70, 0x0, 0x0, 0xd7, 0x0, 0x0,
    0xd, 0x70, 0x0, 0x0, 0xdf, 0xff, 0xfc, 0xd,
    0x82, 0x22, 0x10, 0xd7, 0x0, 0x0, 0xd, 0x70,
    0x0, 0x0, 0xd8, 0x22, 0x22, 0x1d, 0xff, 0xff,
    0xf7,

    /* U+0401 "Ё" */
    0xc, 0x60, 0xd5, 0x0, 0x52, 0x6, 0x10, 0xdf,
    0xff, 0xff, 0x6d, 0x82, 0x22, 0x21, 0xd7, 0x0,
    0x0, 0xd, 0x70, 0x0, 0x0, 0xd7, 0x0, 0x0,
    0xd, 0xff, 0xff, 0xc0, 0xd8, 0x22, 0x21, 0xd,
    0x70, 0x0, 0x0, 0xd7, 0x0, 0x0, 0xd, 0x82,
    0x22, 0x21, 0xdf, 0xff, 0xff, 0x70,

    /* U+0402 "Ђ" */
    0xbf, 0xff, 0xff, 0xff, 0x0, 0x12, 0x2e, 0x82,
    0x22, 0x0, 0x0, 0xe, 0x70, 0x0, 0x0, 0x0,
    0xe, 0x70, 0x0, 0x0, 0x0, 0xe, 0xde, 0xfd,
    0x60, 0x0, 0xe, 0xb4, 0x37, 0xf6, 0x0, 0xe,
    0x70, 0x0, 0x9c, 0x0, 0xe, 0x70, 0x0, 0x6e,
    0x0, 0xe, 0x70, 0x0, 0x8c, 0x0, 0xe, 0x70,
    0x4, 0xe7, 0x0, 0xe, 0x70, 0x6d, 0x70,

    /* U+0403 "Ѓ" */
    0x0, 0x2, 0x71, 0x0, 0x0, 0xc8, 0x0, 0x0,
    0x26, 0x0, 0xc, 0xff, 0xff, 0xf5, 0xc9, 0x22,
    0x22, 0xc, 0x80, 0x0, 0x0, 0xc8, 0x0, 0x0,
    0xc, 0x80, 0x0, 0x0, 0xc8, 0x0, 0x0, 0xc,
    0x80, 0x0, 0x0, 0xc8, 0x0, 0x0, 0xc, 0x80,
    0x0, 0x0, 0xc8, 0x0, 0x0, 0xc, 0x80, 0x0,
    0x0,

    /* U+0404 "Є" */
    0x0, 0x3b, 0xfe, 0x90, 0x0, 0x2f, 0x93, 0x4c,
    0xb0, 0xb, 0xb0, 0x0, 0x2f, 0x30, 0xf5, 0x0,
    0x0, 0x94, 0x1f, 0x30, 0x0, 0x0, 0x2, 0xff,
    0xff, 0xf0, 0x0, 0x2f, 0x52, 0x22, 0x0, 0x0,
    0xf5, 0x0, 0x0, 0x63, 0xb, 0xa0, 0x0, 0x1f,
    0x30, 0x3f, 0x93, 0x4c, 0xc0, 0x0, 0x3c, 0xfe,
    0x91, 0x0,

    /* U+0405 "Ѕ" */
    0x0, 0x9e, 0xfc, 0x40, 0xa, 0xd4, 0x37, 0xf3,
    0xf, 0x40, 0x0, 0xba, 0xf, 0x60, 0x0, 0x22,
    0x9, 0xf8, 0x20, 0x0, 0x0, 0x6d, 0xfc, 0x40,
    0x0, 0x0, 0x3b, 0xf4, 0x13, 0x0, 0x0, 0xbb,
    0x5f, 0x10, 0x0, 0x9b, 0xd, 0xc4, 0x26, 0xf5,
    0x1, 0x9e, 0xfd, 0x60,

    /* U+0406 "І" */
    0xc9, 0xc9, 0xc9, 0xc9, 0xc9, 0xc9, 0xc9, 0xc9,
    0xc9, 0xc9, 0xc9,

    /* U+0407 "Ї" */
    0x2e, 0x13, 0xe0, 0x6, 0x1, 0x60, 0x0, 0xc9,
    0x0, 0x0, 0xc9, 0x0, 0x0, 0xc9, 0x0, 0x0,
    0xc9, 0x0, 0x0, 0xc9, 0x0, 0x0, 0xc9, 0x0,
    0x0, 0xc9, 0x0, 0x0, 0xc9, 0x0, 0x0, 0xc9,
    0x0, 0x0, 0xc9, 0x0, 0x0, 0xc9, 0x0,

    /* U+0408 "Ј" */
    0x0, 0x0, 0xa, 0xa0, 0x0, 0x0, 0xaa, 0x0,
    0x0, 0xa, 0xa0, 0x0, 0x0, 0xaa, 0x0, 0x0,
    0xa, 0xa0, 0x0, 0x0, 0xaa, 0x0, 0x0, 0xa,
    0xa1, 0x10, 0x0, 0xaa, 0x8c, 0x0, 0xd, 0x83,
    0xf7, 0x27, 0xf2, 0x5, 0xdf, 0xd4, 0x0,

    /* U+0409 "Љ" */
    0x0, 0x7f, 0xff, 0xff, 0xa0, 0x0, 0x0, 0x0,
    0x7, 0xd2, 0x22, 0xba, 0x0, 0x0, 0x0, 0x0,
    0x8c, 0x0, 0xb, 0xa0, 0x0, 0x0, 0x0, 0x9,
    0xb0, 0x0, 0xba, 0x0, 0x0, 0x0, 0x0, 0x9a,
    0x0, 0xb, 0xa0, 0x0, 0x0, 0x0, 0xa, 0xa0,
    0x0, 0xbf, 0xff, 0xeb, 0x20, 0x0, 0xb9, 0x0,
    0xb, 0xa2, 0x23, 0xbe, 0x10, 0xd, 0x70, 0x0,
    0xba, 0x0, 0x0, 0xf4, 0x0, 0xf4, 0x0, 0xb,
    0xa0, 0x0, 0xf, 0x51, 0x9e, 0x0, 0x0, 0xba,
    0x22, 0x3a, 0xe1, 0xad, 0x40, 0x0, 0xb, 0xff,
    0xff, 0xb2, 0x0,

    /* U+040A "Њ" */
    0xc8, 0x0, 0x0, 0x9c, 0x0, 0x0, 0x0, 0xc8,
    0x0, 0x0, 0x9c, 0x0, 0x0, 0x0, 0xc8, 0x0,
    0x0, 0x9c, 0x0, 0x0, 0x0, 0xc8, 0x0, 0x0,
    0x9c, 0x0, 0x0, 0x0, 0xc8, 0x0, 0x0, 0x9c,
    0x0, 0x0, 0x0, 0xcf, 0xff, 0xff, 0xff, 0xff,
    0xeb, 0x30, 0xc9, 0x22, 0x22, 0xac, 0x22, 0x39,
    0xf2, 0xc8, 0x0, 0x0, 0x9c, 0x0, 0x0, 0xd7,
    0xc8, 0x0, 0x0, 0x9c, 0x0, 0x0, 0xe6, 0xc8,
    0x0, 0x0, 0x9c, 0x33, 0x3a, 0xf2, 0xc8, 0x0,
    0x0, 0x9f, 0xff, 0xfc, 0x30,

    /* U+040B "Ћ" */
    0x9f, 0xff, 0xff, 0xff, 0x20, 0x1, 0x22, 0xd9,
    0x22, 0x20, 0x0, 0x0, 0xc, 0x80, 0x0, 0x0,
    0x0, 0x0, 0xc8, 0x0, 0x0, 0x0, 0x0, 0xc,
    0xdd, 0xfd, 0x91, 0x0, 0x0, 0xcb, 0x42, 0x4c,
    0xb0, 0x0, 0xc, 0x80, 0x0, 0x4f, 0x0, 0x0,
    0xc8, 0x0, 0x2, 0xf3, 0x0, 0xc, 0x80, 0x0,
    0x2f, 0x30, 0x0, 0xc8, 0x0, 0x2, 0xf3, 0x0,
    0xc, 0x80, 0x0, 0x2f, 0x30,

    /* U+040C "Ќ" */
    0x0, 0x3, 0x70, 0x0, 0x0, 0xc, 0x80, 0x0,
    0x0, 0x4c, 0x0, 0x0, 0xd7, 0x0, 0x8, 0xe2,
    0xd7, 0x0, 0x5f, 0x40, 0xd7, 0x2, 0xf7, 0x0,
    0xd7, 0x1e, 0xa0, 0x0, 0xd7, 0xcd, 0x0, 0x0,
    0xde, 0xfe, 0x10, 0x0, 0xdf, 0x4d, 0xa0, 0x0,
    0xd8, 0x3, 0xf6, 0x0, 0xd7, 0x0, 0x8f, 0x10,
    0xd7, 0x0, 0xc, 0xb0, 0xd7, 0x0, 0x2, 0xf7,

    /* U+040D "Ѝ" */
    0x0, 0x74, 0x0, 0x0, 0x0, 0x4e, 0x10, 0x0,
    0x0, 0x4, 0x40, 0x0, 0xc8, 0x0, 0x0, 0xdc,
    0xc8, 0x0, 0x6, 0xfc, 0xc8, 0x0, 0x1e, 0xec,
    0xc8, 0x0, 0x9d, 0x9c, 0xc8, 0x2, 0xf4, 0x9c,
    0xc8, 0xb, 0xb0, 0x9c, 0xc8, 0x5f, 0x20, 0x9c,
    0xc8, 0xd8, 0x0, 0x9c, 0xce, 0xe0, 0x0, 0x9c,
    0xcf, 0x60, 0x0, 0x9c, 0xcc, 0x0, 0x0, 0x9c,

    /* U+040E "Ў" */
    0x0, 0x43, 0x4, 0x30, 0x0, 0x6, 0xa0, 0xc4,
    0x0, 0x0, 0xa, 0xd8, 0x0, 0x4, 0xf3, 0x0,
    0x5, 0xf3, 0xd, 0xa0, 0x0, 0xbc, 0x0, 0x6f,
    0x10, 0x1f, 0x60, 0x0, 0xf7, 0x7, 0xf1, 0x0,
    0x9, 0xe0, 0xda, 0x0, 0x0, 0x2f, 0x7f, 0x30,
    0x0, 0x0, 0xbf, 0xd0, 0x0, 0x0, 0x4, 0xf7,
    0x0, 0x0, 0x0, 0x4f, 0x10, 0x0, 0x0, 0x3c,
    0xa0, 0x0, 0x0, 0x3f, 0xb1, 0x0, 0x0,

    /* U+040F "Џ" */
    0xc8, 0x0, 0x0, 0x9c, 0xc8, 0x0, 0x0, 0x9c,
    0xc8, 0x0, 0x0, 0x9c, 0xc8, 0x0, 0x0, 0x9c,
    0xc8, 0x0, 0x0, 0x9c, 0xc8, 0x0, 0x0, 0x9c,
    0xc8, 0x0, 0x0, 0x9c, 0xc8, 0x0, 0x0, 0x9c,
    0xc8, 0x0, 0x0, 0x9c, 0xc9, 0x22, 0x22, 0x9c,
    0xcf, 0xff, 0xff, 0xfc, 0x0, 0xa, 0xb0, 0x0,
    0x0, 0xa, 0xb0, 0x0, 0x0, 0x5, 0x50, 0x0,

    /* U+0410 "А" */
    0x0, 0x2, 0xf4, 0x0, 0x0, 0x0, 0x8f, 0xa0,
    0x0, 0x0, 0xd, 0x8f, 0x0, 0x0, 0x3, 0xf0,
    0xe5, 0x0, 0x0, 0x8b, 0x9, 0xb0, 0x0, 0xe,
    0x50, 0x3f, 0x10, 0x4, 0xf1, 0x0, 0xe6, 0x0,
    0x9f, 0xff, 0xff, 0xb0, 0xe, 0x72, 0x22, 0x5f,
    0x14, 0xf1, 0x0, 0x0, 0xe6, 0xab, 0x0, 0x0,
    0x8, 0xc0,

    /* U+0411 "Б" */
    0xef, 0xff, 0xff, 0x30, 0xe8, 0x22, 0x22, 0x0,
    0xe6, 0x0, 0x0, 0x0, 0xe6, 0x0, 0x0, 0x0,
    0xe6, 0x0, 0x0, 0x0, 0xef, 0xff, 0xea, 0x10,
    0xe8, 0x22, 0x4c, 0xc0, 0xe6, 0x0, 0x3, 0xf1,
    0xe6, 0x0, 0x3, 0xf1, 0xe7, 0x22, 0x3c, 0xc0,
    0xef, 0xff, 0xea, 0x10,

    /* U+0412 "В" */
    0xdf, 0xff, 0xd6, 0xd, 0x82, 0x26, 0xf4, 0xd7,
    0x0, 0xb, 0x9d, 0x70, 0x0, 0xb9, 0xd7, 0x0,
    0x4f, 0x4d, 0xff, 0xff, 0x90, 0xd8, 0x22, 0x5e,
    0x7d, 0x70, 0x0, 0x7d, 0xd7, 0x0, 0x7, 0xdd,
    0x82, 0x25, 0xe8, 0xdf, 0xff, 0xe8, 0x0,

    /* U+0413 "Г" */
    0xcf, 0xff, 0xff, 0x5c, 0x92, 0x22, 0x20, 0xc8,
    0x0, 0x0, 0xc, 0x80, 0x0, 0x0, 0xc8, 0x0,
    0x0, 0xc, 0x80, 0x0, 0x0, 0xc8, 0x0, 0x0,
    0xc, 0x80, 0x0, 0x0, 0xc8, 0x0, 0x0, 0xc,
    0x80, 0x0, 0x0, 0xc8, 0x0, 0x0, 0x0,

    /* U+0414 "Д" */
    0x0, 0x2f, 0xff, 0xff, 0xd0, 0x0, 0x3, 0xf4,
    0x22, 0x9d, 0x0, 0x0, 0x3f, 0x10, 0x8, 0xd0,
    0x0, 0x4, 0xf0, 0x0, 0x8d, 0x0, 0x0, 0x5f,
    0x0, 0x8, 0xd0, 0x0, 0x6, 0xe0, 0x0, 0x8d,
    0x0, 0x0, 0x9c, 0x0, 0x8, 0xd0, 0x0, 0xc,
    0x80, 0x0, 0x8d, 0x0, 0x1, 0xf4, 0x0, 0x8,
    0xd0, 0x1, 0xae, 0x22, 0x22, 0x9d, 0x20, 0xaf,
    0xff, 0xff, 0xff, 0xff, 0x1a, 0xa0, 0x0, 0x0,
    0x3, 0xf1, 0xaa, 0x0, 0x0, 0x0, 0x3f, 0x16,
    0x60, 0x0, 0x0, 0x1, 0x91,

    /* U+0415 "Е" */
    0xdf, 0xff, 0xff, 0x6d, 0x82, 0x22, 0x21, 0xd7,
    0x0, 0x0, 0xd, 0x70, 0x0, 0x0, 0xd7, 0x0,
    0x0, 0xd, 0xff, 0xff, 0xc0, 0xd8, 0x22, 0x21,
    0xd, 0x70, 0x0, 0x0, 0xd7, 0x0, 0x0, 0xd,
    0x82, 0x22, 0x21, 0xdf, 0xff, 0xff, 0x70,

    /* U+0416 "Ж" */
    0x4f, 0x40, 0x3, 0xf1, 0x0, 0x7f, 0x10, 0xbc,
    0x0, 0x3f, 0x10, 0xe, 0x80, 0x2, 0xf5, 0x3,
    0xf1, 0x8, 0xe0, 0x0, 0x9, 0xd0, 0x3f, 0x11,
    0xf5, 0x0, 0x0, 0x1e, 0x53, 0xf1, 0x9c, 0x0,
    0x0, 0x0, 0x9f, 0xff, 0xff, 0x60, 0x0, 0x0,
    0x2f, 0x85, 0xf3, 0xae, 0x0, 0x0, 0xb, 0xd0,
    0x3f, 0x11, 0xf8, 0x0, 0x5, 0xf4, 0x3, 0xf1,
    0x7, 0xf2, 0x0, 0xeb, 0x0, 0x3f, 0x10, 0xd,
    0xb0, 0x8f, 0x20, 0x3, 0xf1, 0x0, 0x4f, 0x40,

    /* U+0417 "З" */
    0x1, 0xae, 0xec, 0x30, 0xd, 0xc4, 0x39, 0xf2,
    0x3f, 0x20, 0x0, 0xd7, 0x0, 0x0, 0x0, 0xc8,
    0x0, 0x0, 0x5, 0xf2, 0x0, 0xf, 0xff, 0x60,
    0x0, 0x2, 0x37, 0xf4, 0x0, 0x0, 0x0, 0xaa,
    0x6f, 0x0, 0x0, 0xb9, 0x1e, 0xb3, 0x28, 0xf4,
    0x2, 0xbf, 0xfc, 0x40,

    /* U+0418 "И" */
    0xc8, 0x0, 0x0, 0xdc, 0xc8, 0x0, 0x6, 0xfc,
    0xc8, 0x0, 0x1e, 0xec, 0xc8, 0x0, 0x9d, 0x9c,
    0xc8, 0x2, 0xf4, 0x9c, 0xc8, 0xb, 0xb0, 0x9c,
    0xc8, 0x5f, 0x20, 0x9c, 0xc8, 0xd8, 0x0, 0x9c,
    0xce, 0xe0, 0x0, 0x9c, 0xcf, 0x60, 0x0, 0x9c,
    0xcc, 0x0, 0x0, 0x9c,

    /* U+0419 "Й" */
    0x0, 0xe2, 0x2f, 0x0, 0x0, 0x5d, 0xd5, 0x0,
    0xc8, 0x0, 0x0, 0xdc, 0xc8, 0x0, 0x6, 0xfc,
    0xc8, 0x0, 0x1e, 0xec, 0xc8, 0x0, 0x9d, 0x9c,
    0xc8, 0x2, 0xf4, 0x9c, 0xc8, 0xb, 0xb0, 0x9c,
    0xc8, 0x5f, 0x20, 0x9c, 0xc8, 0xd8, 0x0, 0x9c,
    0xce, 0xe0, 0x0, 0x9c, 0xcf, 0x60, 0x0, 0x9c,
    0xcc, 0x0, 0x0, 0x9c,

    /* U+041A "К" */
    0xc8, 0x0, 0x5, 0xf5, 0xc8, 0x0, 0x1e, 0xa0,
    0xc8, 0x0, 0xbe, 0x0, 0xc8, 0x6, 0xf4, 0x0,
    0xc8, 0x2f, 0x80, 0x0, 0xcf, 0xff, 0x10, 0x0,
    0xc9, 0x3e, 0x90, 0x0, 0xc8, 0x4, 0xf5, 0x0,
    0xc8, 0x0, 0x8f, 0x20, 0xc8, 0x0, 0xc, 0xd0,
    0xc8, 0x0, 0x1, 0xe9,

    /* U+041B "Л" */
    0x0, 0x7f, 0xff, 0xff, 0xb0, 0x8, 0xd2, 0x22,
    0xab, 0x0, 0x8b, 0x0, 0xa, 0xb0, 0x9, 0xb0,
    0x0, 0xab, 0x0, 0xaa, 0x0, 0xa, 0xb0, 0xa,
    0x90, 0x0, 0xab, 0x0, 0xb8, 0x0, 0xa, 0xb0,
    0xd, 0x70, 0x0, 0xab, 0x0, 0xf4, 0x0, 0xa,
    0xb1, 0x9e, 0x0, 0x0, 0xab, 0xad, 0x40, 0x0,
    0xa, 0xb0,

    /* U+041C "М" */
    0xdf, 0x0, 0x0, 0x0, 0xdf, 0x1d, 0xf6, 0x0,
    0x0, 0x2f, 0xf1, 0xdd, 0xc0, 0x0, 0x8, 0xdf,
    0x1d, 0x8f, 0x10, 0x0, 0xe8, 0xf1, 0xd6, 0xc7,
    0x0, 0x4f, 0x3f, 0x1d, 0x66, 0xd0, 0xa, 0xa3,
    0xf1, 0xd7, 0x1f, 0x30, 0xf4, 0x3f, 0x1d, 0x70,
    0xb9, 0x5e, 0x4, 0xf1, 0xd7, 0x5, 0xeb, 0x80,
    0x4f, 0x1d, 0x70, 0xe, 0xf2, 0x4, 0xf1, 0xd7,
    0x0, 0x9c, 0x0, 0x4f, 0x10,

    /* U+041D "Н" */
    0xd7, 0x0, 0x0, 0x8d, 0xd7, 0x0, 0x0, 0x8d,
    0xd7, 0x0, 0x0, 0x8d, 0xd7, 0x0, 0x0, 0x8d,
    0xd7, 0x0, 0x0, 0x8d, 0xdf, 0xff, 0xff, 0xfd,
    0xd8, 0x22, 0x22, 0x9d, 0xd7, 0x0, 0x0, 0x8d,
    0xd7, 0x0, 0x0, 0x8d, 0xd7, 0x0, 0x0, 0x8d,
    0xd7, 0x0, 0x0, 0x8d,

    /* U+041E "О" */
    0x0, 0x3b, 0xfe, 0x90, 0x0, 0x2f, 0x93, 0x5d,
    0xb0, 0xa, 0xb0, 0x0, 0x1f, 0x40, 0xf5, 0x0,
    0x0, 0xb9, 0x2f, 0x20, 0x0, 0x9, 0xc2, 0xf1,
    0x0, 0x0, 0x8c, 0x2f, 0x20, 0x0, 0x9, 0xc0,
    0xf5, 0x0, 0x0, 0xb9, 0xa, 0xb0, 0x0, 0x1f,
    0x50, 0x2f, 0x93, 0x5d, 0xc0, 0x0, 0x3b, 0xfe,
    0x90, 0x0,

    /* U+041F "П" */
    0xcf, 0xff, 0xff, 0xfc, 0xc9, 0x22, 0x22, 0xac,
    0xc8, 0x0, 0x0, 0x9c, 0xc8, 0x0, 0x0, 0x9c,
    0xc8, 0x0, 0x0, 0x9c, 0xc8, 0x0, 0x0, 0x9c,
    0xc8, 0x0, 0x0, 0x9c, 0xc8, 0x0, 0x0, 0x9c,
    0xc8, 0x0, 0x0, 0x9c, 0xc8, 0x0, 0x0, 0x9c,
    0xc8, 0x0, 0x0, 0x9c,

    /* U+0420 "Р" */
    0xdf, 0xff, 0xe9, 0x0, 0xd8, 0x22, 0x4d, 0xa0,
    0xd7, 0x0, 0x3, 0xf2, 0xd7, 0x0, 0x0, 0xf4,
    0xd7, 0x0, 0x2, 0xf2, 0xd7, 0x0, 0x1b, 0xd0,
    0xdf, 0xff, 0xfc, 0x20, 0xd8, 0x22, 0x0, 0x0,
    0xd7, 0x0, 0x0, 0x0, 0xd7, 0x0, 0x0, 0x0,
    0xd7, 0x0, 0x0, 0x0,

    /* U+0421 "С" */
    0x0, 0x3b, 0xfe, 0x90, 0x0, 0x2f, 0x82, 0x4c,
    0xb0, 0xb, 0xb0, 0x0, 0x2f, 0x30, 0xf5, 0x0,
    0x0, 0x83, 0x2f, 0x30, 0x0, 0x0, 0x3, 0xf2,
    0x0, 0x0, 0x0, 0x2f, 0x30, 0x0, 0x0, 0x0,
    0xf5, 0x0, 0x0, 0x73, 0xb, 0xa0, 0x0, 0x2f,
    0x30, 0x3f, 0x82, 0x4c, 0xb0, 0x0, 0x4c, 0xfe,
    0x90, 0x0,

    /* U+0422 "Т" */
    0xaf, 0xff, 0xff, 0xff, 0x1, 0x22, 0x8d, 0x22,
    0x20, 0x0, 0x7, 0xd0, 0x0, 0x0, 0x0, 0x7d,
    0x0, 0x0, 0x0, 0x7, 0xd0, 0x0, 0x0, 0x0,
    0x7d, 0x0, 0x0, 0x0, 0x7, 0xd0, 0x0, 0x0,
    0x0, 0x7d, 0x0, 0x0, 0x0, 0x7, 0xd0, 0x0,
    0x0, 0x0, 0x7d, 0x0, 0x0, 0x0, 0x7, 0xd0,
    0x0, 0x0,

    /* U+0423 "У" */
    0x4f, 0x30, 0x0, 0x5f, 0x30, 0xda, 0x0, 0xb,
    0xc0, 0x6, 0xf1, 0x1, 0xf6, 0x0, 0xf, 0x70,
    0x7f, 0x10, 0x0, 0x9e, 0xd, 0xa0, 0x0, 0x2,
    0xf7, 0xf3, 0x0, 0x0, 0xb, 0xfd, 0x0, 0x0,
    0x0, 0x4f, 0x70, 0x0, 0x0, 0x4, 0xf1, 0x0,
    0x0, 0x3, 0xca, 0x0, 0x0, 0x3, 0xfb, 0x10,
    0x0, 0x0,

    /* U+0424 "Ф" */
    0x0, 0x0, 0x17, 0x0, 0x0, 0x0, 0x0, 0x3,
    0xf1, 0x0, 0x0, 0x0, 0x5c, 0xef, 0xeb, 0x40,
    0x0, 0x8e, 0x55, 0xf3, 0x6f, 0x50, 0x1f, 0x30,
    0x3f, 0x10, 0x5e, 0x5, 0xe0, 0x3, 0xf1, 0x0,
    0xf3, 0x6e, 0x0, 0x3f, 0x10, 0xf, 0x32, 0xf2,
    0x3, 0xf1, 0x4, 0xf1, 0xa, 0xc2, 0x3f, 0x14,
    0xe8, 0x0, 0x8, 0xff, 0xff, 0xe7, 0x0, 0x0,
    0x0, 0x4f, 0x20, 0x0, 0x0, 0x0, 0x3, 0xf1,
    0x0, 0x0,

    /* U+0425 "Х" */
    0x3f, 0x40, 0x0, 0x8f, 0x10, 0xad, 0x0, 0x2f,
    0x70, 0x2, 0xf7, 0xa, 0xd0, 0x0, 0x8, 0xf6,
    0xf4, 0x0, 0x0, 0xe, 0xfb, 0x0, 0x0, 0x0,
    0x8f, 0x50, 0x0, 0x0, 0x1e, 0xfc, 0x0, 0x0,
    0x9, 0xe3, 0xf5, 0x0, 0x2, 0xf5, 0x9, 0xe0,
    0x0, 0xbc, 0x0, 0x1e, 0x80, 0x5f, 0x30, 0x0,
    0x7f, 0x20,

    /* U+0426 "Ц" */
    0xc8, 0x0, 0x0, 0x9b, 0xc, 0x80, 0x0, 0x9,
    0xb0, 0xc8, 0x0, 0x0, 0x9b, 0xc, 0x80, 0x0,
    0x9, 0xb0, 0xc8, 0x0, 0x0, 0x9b, 0xc, 0x80,
    0x0, 0x9, 0xb0, 0xc8, 0x0, 0x0, 0x9b, 0xc,
    0x80, 0x0, 0x9, 0xb0, 0xc8, 0x0, 0x0, 0x9b,
    0xc, 0x92, 0x22, 0x2a, 0xc1, 0xcf, 0xff, 0xff,
    0xff, 0xc0, 0x0, 0x0, 0x0, 0x8b, 0x0, 0x0,
    0x0, 0x8, 0xb0, 0x0, 0x0, 0x0, 0x45,

    /* U+0427 "Ч" */
    0xf5, 0x0, 0x0, 0xf6, 0xf5, 0x0, 0x0, 0xf6,
    0xf5, 0x0, 0x0, 0xf6, 0xf5, 0x0, 0x0, 0xf6,
    0xd7, 0x0, 0x0, 0xf6, 0x9d, 0x20, 0x14, 0xf6,
    0x1b, 0xff, 0xfe, 0xf6, 0x0, 0x2, 0x10, 0xf6,
    0x0, 0x0, 0x0, 0xf6, 0x0, 0x0, 0x0, 0xf6,
    0x0, 0x0, 0x0, 0xf6,

    /* U+0428 "Ш" */
    0xc8, 0x0, 0xf, 0x40, 0x5, 0xfc, 0x80, 0x0,
    0xf4, 0x0, 0x5f, 0xc8, 0x0, 0xf, 0x40, 0x5,
    0xfc, 0x80, 0x0, 0xf4, 0x0, 0x5f, 0xc8, 0x0,
    0xf, 0x40, 0x5, 0xfc, 0x80, 0x0, 0xf4, 0x0,
    0x5f, 0xc8, 0x0, 0xf, 0x40, 0x5, 0xfc, 0x80,
    0x0, 0xf4, 0x0, 0x5f, 0xc8, 0x0, 0xf, 0x40,
    0x5, 0xfc, 0x92, 0x22, 0xf5, 0x22, 0x6f, 0xcf,
    0xff, 0xff, 0xff, 0xff, 0xf0,

    /* U+0429 "Щ" */
    0xc8, 0x0, 0xf, 0x40, 0x5, 0xf0, 0xc8, 0x0,
    0xf, 0x40, 0x5, 0xf0, 0xc8, 0x0, 0xf, 0x40,
    0x5, 0xf0, 0xc8, 0x0, 0xf, 0x40, 0x5, 0xf0,
    0xc8, 0x0, 0xf, 0x40, 0x5, 0xf0, 0xc8, 0x0,
    0xf, 0x40, 0x5, 0xf0, 0xc8, 0x0, 0xf, 0x40,
    0x5, 0xf0, 0xc8, 0x0, 0xf, 0x40, 0x5, 0xf0,
    0xc8, 0x0, 0xf, 0x40, 0x5, 0xf0, 0xc9, 0x22,
    0x2f, 0x52, 0x26, 0xf2, 0xcf, 0xff, 0xff, 0xff,
    0xff, 0xff, 0x0, 0x0, 0x0, 0x0, 0x0, 0x4e,
    0x0, 0x0, 0x0, 0x0, 0x0, 0x4e, 0x0, 0x0,
    0x0, 0x0, 0x0, 0x27,

    /* U+042A "Ъ" */
    0xef, 0xff, 0x30, 0x0, 0x0, 0x1, 0x13, 0xf3,
    0x0, 0x0, 0x0, 0x0, 0x1f, 0x30, 0x0, 0x0,
    0x0, 0x1, 0xf3, 0x0, 0x0, 0x0, 0x0, 0x1f,
    0x30, 0x0, 0x0, 0x0, 0x1, 0xff, 0xff, 0xd8,
    0x0, 0x0, 0x1f, 0x52, 0x25, 0xe9, 0x0, 0x1,
    0xf3, 0x0, 0x6, 0xe0, 0x0, 0x1f, 0x30, 0x0,
    0x6e, 0x0, 0x1, 0xf5, 0x22, 0x5e, 0x90, 0x0,
    0x1f, 0xff, 0xfe, 0x80, 0x0,

    /* U+042B "Ы" */
    0xc8, 0x0, 0x0, 0x0, 0x7d, 0xc8, 0x0, 0x0,
    0x0, 0x7d, 0xc8, 0x0, 0x0, 0x0, 0x7d, 0xc8,
    0x0, 0x0, 0x0, 0x7d, 0xc8, 0x0, 0x0, 0x0,
    0x7d, 0xcf, 0xff, 0xea, 0x20, 0x7d, 0xc9, 0x22,
    0x3b, 0xd0, 0x7d, 0xc8, 0x0, 0x1, 0xf3, 0x7d,
    0xc8, 0x0, 0x1, 0xf3, 0x7d, 0xc9, 0x22, 0x3b,
    0xd0, 0x7d, 0xcf, 0xff, 0xeb, 0x20, 0x7d,

    /* U+042C "Ь" */
    0xe6, 0x0, 0x0, 0x0, 0xe6, 0x0, 0x0, 0x0,
    0xe6, 0x0, 0x0, 0x0, 0xe6, 0x0, 0x0, 0x0,
    0xe6, 0x0, 0x0, 0x0, 0xef, 0xff, 0xea, 0x10,
    0xe8, 0x22, 0x4c, 0xc0, 0xe6, 0x0, 0x3, 0xf1,
    0xe6, 0x0, 0x3, 0xf1, 0xe7, 0x22, 0x3c, 0xc0,
    0xef, 0xff, 0xea, 0x10,

    /* U+042D "Э" */
    0x4, 0xcf, 0xd7, 0x0, 0x3f, 0x72, 0x4e, 0x90,
    0xba, 0x0, 0x3, 0xf3, 0x94, 0x0, 0x0, 0xd7,
    0x0, 0x0, 0x0, 0xba, 0x0, 0x8f, 0xff, 0xfa,
    0x0, 0x12, 0x22, 0xca, 0x73, 0x0, 0x0, 0xd8,
    0xb9, 0x0, 0x3, 0xf3, 0x4f, 0x72, 0x4e, 0xa0,
    0x4, 0xcf, 0xe8, 0x0,

    /* U+042E "Ю" */
    0xc9, 0x0, 0x1a, 0xee, 0xa1, 0xc, 0x90, 0x1e,
    0x92, 0x29, 0xd0, 0xc9, 0x8, 0xd0, 0x0, 0xd,
    0x7c, 0x90, 0xd7, 0x0, 0x0, 0x7c, 0xc9, 0xf,
    0x50, 0x0, 0x6, 0xec, 0xff, 0xf4, 0x0, 0x0,
    0x5f, 0xc9, 0x2f, 0x50, 0x0, 0x6, 0xec, 0x90,
    0xd8, 0x0, 0x0, 0x8c, 0xc9, 0x8, 0xe0, 0x0,
    0xe, 0x7c, 0x90, 0x1e, 0xb3, 0x3b, 0xe0, 0xc9,
    0x0, 0x1a, 0xee, 0xa1, 0x0,

    /* U+042F "Я" */
    0x0, 0x6d, 0xff, 0xfb, 0x6, 0xf6, 0x22, 0xbb,
    0xd, 0x80, 0x0, 0xab, 0xf, 0x50, 0x0, 0xab,
    0xe, 0x70, 0x0, 0xab, 0x7, 0xe3, 0x0, 0xab,
    0x0, 0x8f, 0xff, 0xfb, 0x0, 0x7d, 0x22, 0xbb,
    0x1, 0xf5, 0x0, 0xab, 0x9, 0xc0, 0x0, 0xab,
    0x2f, 0x40, 0x0, 0xab,

    /* U+0430 "а" */
    0x2, 0xbf, 0xe8, 0x0, 0xe9, 0x14, 0xf5, 0x3,
    0x0, 0xb, 0x90, 0x2b, 0xef, 0xf9, 0xe, 0x80,
    0xa, 0x93, 0xf0, 0x0, 0xb9, 0x1f, 0x83, 0x8f,
    0x90, 0x5d, 0xea, 0x8a,

    /* U+0431 "б" */
    0x0, 0x0, 0x2, 0x50, 0x0, 0x2, 0x6d, 0x80,
    0x0, 0x9e, 0xa5, 0x0, 0x7, 0xa0, 0x0, 0x0,
    0xd, 0x6d, 0xea, 0x0, 0x2f, 0xc3, 0x4d, 0xa0,
    0x4f, 0x30, 0x3, 0xf1, 0x5f, 0x0, 0x0, 0xf3,
    0x4f, 0x0, 0x0, 0xf3, 0x2f, 0x30, 0x4, 0xf1,
    0xa, 0xc3, 0x3d, 0x90, 0x1, 0xaf, 0xe9, 0x0,

    /* U+0432 "в" */
    0xef, 0xff, 0xc3, 0xe, 0x61, 0x29, 0xe0, 0xe5,
    0x0, 0x7e, 0xe, 0xff, 0xff, 0x40, 0xe6, 0x22,
    0x7e, 0xe, 0x50, 0x0, 0xf3, 0xe6, 0x11, 0x7f,
    0x1e, 0xff, 0xfd, 0x50,

    /* U+0433 "г" */
    0xff, 0xff, 0xbf, 0x61, 0x11, 0xf5, 0x0, 0xf,
    0x50, 0x0, 0xf5, 0x0, 0xf, 0x50, 0x0, 0xf5,
    0x0, 0xf, 0x50, 0x0,

    /* U+0434 "д" */
    0x0, 0xbf, 0xff, 0xf1, 0x0, 0xca, 0x46, 0xf1,
    0x0, 0xc7, 0x3, 0xf1, 0x0, 0xd6, 0x3, 0xf1,
    0x0, 0xf4, 0x3, 0xf1, 0x4, 0xf1, 0x3, 0xf1,
    0x1c, 0xa1, 0x14, 0xf2, 0xaf, 0xff, 0xff, 0xff,
    0xa9, 0x0, 0x0, 0x4f, 0xa9, 0x0, 0x0, 0x4f,
    0x32, 0x0, 0x0, 0x15,

    /* U+0435 "е" */
    0x0, 0x9f, 0xe8, 0x0, 0xab, 0x24, 0xe6, 0x2f,
    0x10, 0x7, 0xc5, 0xff, 0xff, 0xfe, 0x5f, 0x22,
    0x22, 0x22, 0xf3, 0x0, 0x0, 0xb, 0xd3, 0x2a,
    0x90, 0x1a, 0xff, 0xa1,

    /* U+0436 "ж" */
    0x4f, 0x30, 0x4f, 0x0, 0x9e, 0x0, 0x9d, 0x4,
    0xf0, 0x3f, 0x40, 0x0, 0xd8, 0x4f, 0xd, 0x90,
    0x0, 0x5, 0xff, 0xff, 0xf0, 0x0, 0x0, 0xca,
    0x6f, 0x3e, 0x70, 0x0, 0x6f, 0x24, 0xf0, 0x6f,
    0x10, 0xe, 0x80, 0x4f, 0x0, 0xda, 0x9, 0xf1,
    0x4, 0xf0, 0x5, 0xf3,

    /* U+0437 "з" */
    0x5, 0xdf, 0xd6, 0x2, 0xf6, 0x15, 0xf2, 0x1,
    0x0, 0x2f, 0x20, 0xa, 0xff, 0x80, 0x0, 0x12,
    0x6f, 0x23, 0x80, 0x0, 0xe6, 0x2f, 0x71, 0x6f,
    0x20, 0x4d, 0xfd, 0x50,

    /* U+0438 "и" */
    0xf5, 0x0, 0x8f, 0xf5, 0x2, 0xff, 0xf5, 0xb,
    0xcf, 0xf5, 0x4e, 0x4f, 0xf5, 0xd6, 0x4f, 0xfc,
    0xc0, 0x4f, 0xff, 0x30, 0x4f, 0xf9, 0x0, 0x4f,

    /* U+0439 "й" */
    0xe, 0x21, 0xf0, 0x4, 0xdd, 0x50, 0x0, 0x0,
    0x0, 0xf5, 0x0, 0x8f, 0xf5, 0x2, 0xff, 0xf5,
    0xb, 0xcf, 0xf5, 0x4e, 0x4f, 0xf5, 0xd6, 0x4f,
    0xfc, 0xc0, 0x4f, 0xff, 0x30, 0x4f, 0xf9, 0x0,
    0x4f,

    /* U+043A "к" */
    0xf5, 0x0, 0xbb, 0xf, 0x50, 0x9d, 0x10, 0xf5,
    0x6e, 0x20, 0xf, 0xff, 0x70, 0x0, 0xf7, 0x9e,
    0x10, 0xf, 0x50, 0xdb, 0x0, 0xf5, 0x3, 0xf6,
    0xf, 0x50, 0x8, 0xf2,

    /* U+043B "л" */
    0x0, 0xff, 0xff, 0xf0, 0x0, 0xf4, 0x15, 0xf0,
    0x1, 0xf2, 0x4, 0xf0, 0x1, 0xf1, 0x4, 0xf0,
    0x2, 0xf0, 0x4, 0xf0, 0x5, 0xe0, 0x4, 0xf0,
    0x2c, 0xa0, 0x4, 0xf0, 0xbd, 0x20, 0x4, 0xf0,

    /* U+043C "м" */
    0xee, 0x0, 0x0, 0x7f, 0x5e, 0xf5, 0x0, 0xe,
    0xf5, 0xed, 0xb0, 0x4, 0xef, 0x5e, 0x6f, 0x20,
    0xb8, 0xf5, 0xe5, 0xa9, 0x2f, 0x1f, 0x5e, 0x53,
    0xf9, 0xa0, 0xf5, 0xe5, 0xd, 0xf4, 0xf, 0x5e,
    0x50, 0x6d, 0x0, 0xf5,

    /* U+043D "н" */
    0xf5, 0x0, 0x4f, 0xf5, 0x0, 0x4f, 0xf5, 0x0,
    0x4f, 0xff, 0xff, 0xff, 0xf6, 0x22, 0x5f, 0xf5,
    0x0, 0x4f, 0xf5, 0x0, 0x4f, 0xf5, 0x0, 0x4f,

    /* U+043E "о" */
    0x0, 0x9e, 0xf9, 0x0, 0xb, 0xc3, 0x3d, 0xa0,
    0x2f, 0x20, 0x3, 0xf1, 0x5f, 0x0, 0x0, 0xf4,
    0x4f, 0x0, 0x0, 0xf5, 0x2f, 0x20, 0x3, 0xf2,
    0xa, 0xc3, 0x3d, 0xa0, 0x0, 0xaf, 0xe9, 0x0,

    /* U+043F "п" */
    0xff, 0xff, 0xff, 0xf6, 0x11, 0x5f, 0xf5, 0x0,
    0x4f, 0xf5, 0x0, 0x4f, 0xf5, 0x0, 0x4f, 0xf5,
    0x0, 0x4f, 0xf5, 0x0, 0x4f, 0xf5, 0x0, 0x4f,

    /* U+0440 "р" */
    0xf, 0x7d, 0xfb, 0x10, 0xf, 0xa1, 0x2d, 0xa0,
    0xf, 0x30, 0x4, 0xf0, 0xf, 0x30, 0x1, 0xf2,
    0xf, 0x30, 0x2, 0xf2, 0xf, 0x30, 0x5, 0xf0,
    0xf, 0xb2, 0x3d, 0x90, 0xf, 0x8d, 0xfb, 0x10,
    0xf, 0x30, 0x0, 0x0, 0xf, 0x30, 0x0, 0x0,
    0xf, 0x30, 0x0, 0x0,

    /* U+0441 "с" */
    0x1, 0xaf, 0xe8, 0x0, 0xcc, 0x23, 0xe7, 0x2f,
    0x20, 0x5, 0x95, 0xe0, 0x0, 0x0, 0x5e, 0x0,
    0x0, 0x2, 0xf2, 0x0, 0x37, 0xb, 0xb2, 0x3d,
    0x70, 0x1a, 0xfe, 0x80,

    /* U+0442 "т" */
    0xbf, 0xff, 0xff, 0x71, 0x15, 0xf1, 0x10, 0x0,
    0x4f, 0x0, 0x0, 0x4, 0xf0, 0x0, 0x0, 0x4f,
    0x0, 0x0, 0x4, 0xf0, 0x0, 0x0, 0x4f, 0x0,
    0x0, 0x4, 0xf0, 0x0,

    /* U+0443 "у" */
    0xaa, 0x0, 0x1f, 0x45, 0xf0, 0x5, 0xe0, 0xf,
    0x50, 0xaa, 0x0, 0xaa, 0xe, 0x40, 0x5, 0xe3,
    0xf0, 0x0, 0xf, 0xca, 0x0, 0x0, 0xaf, 0x50,
    0x0, 0x4, 0xf0, 0x0, 0x0, 0x7a, 0x0, 0x1,
    0x4e, 0x40, 0x0, 0x6f, 0x80, 0x0, 0x0,

    /* U+0444 "ф" */
    0x0, 0x0, 0x9a, 0x0, 0x0, 0x0, 0x0, 0x9a,
    0x0, 0x0, 0x0, 0x0, 0x9a, 0x0, 0x0, 0x2,
    0xcf, 0xee, 0xed, 0x30, 0xc, 0xb2, 0xab, 0x2a,
    0xe0, 0x1f, 0x20, 0x9a, 0x1, 0xf4, 0x3f, 0x0,
    0x9a, 0x0, 0xd6, 0x4f, 0x0, 0x9a, 0x0, 0xd6,
    0x2f, 0x10, 0x9a, 0x0, 0xf5, 0xd, 0xa2, 0xab,
    0x29, 0xe0, 0x2, 0xcf, 0xee, 0xed, 0x30, 0x0,
    0x0, 0x9a, 0x0, 0x0, 0x0, 0x0, 0x9a, 0x0,
    0x0, 0x0, 0x0, 0x9a, 0x0, 0x0,

    /* U+0445 "х" */
    0x5f, 0x20, 0x3f, 0x40, 0xba, 0xc, 0xa0, 0x2,
    0xf9, 0xf1, 0x0, 0x7, 0xf6, 0x0, 0x0, 0x8f,
    0x70, 0x0, 0x3f, 0x7f, 0x20, 0xc, 0x90, 0xbb,
    0x6, 0xf1, 0x2, 0xf5,

    /* U+0446 "ц" */
    0xf5, 0x0, 0x4f, 0xf, 0x50, 0x4, 0xf0, 0xf5,
    0x0, 0x4f, 0xf, 0x50, 0x4, 0xf0, 0xf5, 0x0,
    0x4f, 0xf, 0x50, 0x4, 0xf0, 0xf6, 0x11, 0x5f,
    0x1f, 0xff, 0xff, 0xfd, 0x0, 0x0, 0x6, 0xd0,
    0x0, 0x0, 0x6c, 0x0, 0x0, 0x1, 0x40,

    /* U+0447 "ч" */
    0x4f, 0x0, 0xb, 0x84, 0xf0, 0x0, 0xb8, 0x4f,
    0x0, 0xb, 0x81, 0xf6, 0x1, 0xc8, 0x6, 0xff,
    0xff, 0x80, 0x0, 0x10, 0xb8, 0x0, 0x0, 0xb,
    0x80, 0x0, 0x0, 0xb8,

    /* U+0448 "ш" */
    0xf5, 0x0, 0xf5, 0x0, 0xf4, 0xf5, 0x0, 0xf5,
    0x0, 0xf4, 0xf5, 0x0, 0xf5, 0x0, 0xf4, 0xf5,
    0x0, 0xf5, 0x0, 0xf4, 0xf5, 0x0, 0xf5, 0x0,
    0xf4, 0xf5, 0x0, 0xf5, 0x0, 0xf4, 0xf6, 0x11,
    0xf6, 0x11, 0xf4, 0xff, 0xff, 0xff, 0xff, 0xf4,

    /* U+0449 "щ" */
    0xf, 0x40, 0xf, 0x30, 0x1f, 0x30, 0xf, 0x40,
    0xf, 0x30, 0x1f, 0x30, 0xf, 0x40, 0xf, 0x30,
    0x1f, 0x30, 0xf, 0x40, 0xf, 0x30, 0x1f, 0x30,
    0xf, 0x40, 0xf, 0x30, 0x1f, 0x30, 0xf, 0x40,
    0xf, 0x30, 0x1f, 0x30, 0xf, 0x51, 0x1f, 0x41,
    0x2f, 0x40, 0xf, 0xff, 0xff, 0xff, 0xff, 0xf3,
    0x0, 0x0, 0x0, 0x0, 0x0, 0xf3, 0x0, 0x0,
    0x0, 0x0, 0x0, 0xf2, 0x0, 0x0, 0x0, 0x0,
    0x0, 0x50,

    /* U+044A "ъ" */
    0xcf, 0xfa, 0x0, 0x0, 0x1, 0x1a, 0xa0, 0x0,
    0x0, 0x0, 0x9a, 0x0, 0x0, 0x0, 0x9, 0xff,
    0xfc, 0x40, 0x0, 0x9b, 0x22, 0x7f, 0x10, 0x9,
    0xa0, 0x0, 0xf4, 0x0, 0x9b, 0x11, 0x7f, 0x10,
    0x9, 0xff, 0xfd, 0x40,

    /* U+044B "ы" */
    0xe5, 0x0, 0x0, 0xa, 0xae, 0x50, 0x0, 0x0,
    0xaa, 0xe5, 0x0, 0x0, 0xa, 0xae, 0xff, 0xea,
    0x10, 0xaa, 0xe6, 0x23, 0xbb, 0xa, 0xae, 0x50,
    0x5, 0xe0, 0xaa, 0xe6, 0x12, 0xbb, 0xa, 0xae,
    0xff, 0xfb, 0x10, 0xaa,

    /* U+044C "ь" */
    0xe5, 0x0, 0x0, 0xe5, 0x0, 0x0, 0xe5, 0x0,
    0x0, 0xef, 0xfe, 0xa1, 0xe6, 0x23, 0xbb, 0xe5,
    0x0, 0x5e, 0xe6, 0x12, 0xbb, 0xef, 0xff, 0xb1,

    /* U+044D "э" */
    0x3, 0xcf, 0xd4, 0x1, 0xf7, 0x26, 0xf2, 0x15,
    0x0, 0xa, 0x80, 0x4, 0xff, 0xfb, 0x0, 0x2,
    0x2a, 0xb3, 0xf0, 0x0, 0xc9, 0xd, 0x92, 0x7f,
    0x20, 0x2c, 0xfd, 0x40,

    /* U+044E "ю" */
    0xe5, 0x0, 0x5d, 0xfd, 0x40, 0xe5, 0x4, 0xf6,
    0x27, 0xf2, 0xe5, 0xb, 0xa0, 0x0, 0xb9, 0xef,
    0xff, 0x60, 0x0, 0x7c, 0xe6, 0x2d, 0x60, 0x0,
    0x8c, 0xe5, 0x9, 0xa0, 0x0, 0xb9, 0xe5, 0x2,
    0xf6, 0x27, 0xf2, 0xe5, 0x0, 0x4d, 0xfc, 0x40,

    /* U+044F "я" */
    0x4, 0xcf, 0xff, 0x91, 0xf8, 0x11, 0xa9, 0x3f,
    0x0, 0xa, 0x91, 0xf5, 0x0, 0xa9, 0x7, 0xff,
    0xff, 0x90, 0x2f, 0x42, 0xb9, 0xc, 0x90, 0xa,
    0x95, 0xe1, 0x0, 0xa9,

    /* U+0450 "ѐ" */
    0x0, 0x73, 0x0, 0x0, 0x8, 0xc0, 0x0, 0x0,
    0xd, 0x50, 0x0, 0x0, 0x0, 0x0, 0x0, 0x9f,
    0xe8, 0x0, 0xab, 0x24, 0xe6, 0x2f, 0x10, 0x7,
    0xc5, 0xff, 0xff, 0xfe, 0x5f, 0x22, 0x22, 0x22,
    0xf3, 0x0, 0x0, 0xb, 0xd3, 0x2a, 0x90, 0x1a,
    0xff, 0xa1,

    /* U+0451 "ё" */
    0x3, 0xe1, 0x3d, 0x0, 0x16, 0x1, 0x60, 0x0,
    0x0, 0x0, 0x0, 0x9, 0xfe, 0x80, 0xa, 0xb2,
    0x4e, 0x62, 0xf1, 0x0, 0x7c, 0x5f, 0xff, 0xff,
    0xe5, 0xf2, 0x22, 0x22, 0x2f, 0x30, 0x0, 0x0,
    0xbd, 0x32, 0xa9, 0x1, 0xaf, 0xfa, 0x10,

    /* U+0452 "ђ" */
    0x0, 0x20, 0x0, 0x0, 0x0, 0xf3, 0x0, 0x0,
    0x2f, 0xff, 0xf2, 0x0, 0x2, 0xf5, 0x20, 0x0,
    0x0, 0xf7, 0xdf, 0xb1, 0x0, 0xfd, 0x43, 0xd8,
    0x0, 0xf4, 0x0, 0x8b, 0x0, 0xf3, 0x0, 0x7c,
    0x0, 0xf3, 0x0, 0x7c, 0x0, 0xf3, 0x0, 0x7c,
    0x0, 0xf3, 0x0, 0x7c, 0x0, 0xf3, 0x0, 0x7c,
    0x0, 0x0, 0x0, 0x7c, 0x0, 0x0, 0x2, 0xc9,
    0x0, 0x0, 0x2f, 0xc1,

    /* U+0453 "ѓ" */
    0x0, 0xca, 0x0, 0x6b, 0x0, 0x0, 0x0, 0xf,
    0xff, 0xfb, 0xf6, 0x11, 0x1f, 0x50, 0x0, 0xf5,
    0x0, 0xf, 0x50, 0x0, 0xf5, 0x0, 0xf, 0x50,
    0x0, 0xf5, 0x0, 0x0,

    /* U+0454 "є" */
    0x0, 0x9e, 0xe9, 0x0, 0xbb, 0x33, 0xca, 0x1f,
    0x10, 0x2, 0x74, 0xff, 0xfb, 0x0, 0x3f, 0x22,
    0x10, 0x1, 0xf4, 0x0, 0x4b, 0xa, 0xd3, 0x3d,
    0x70, 0x1a, 0xfe, 0x80,

    /* U+0455 "ѕ" */
    0x3, 0xcf, 0xd6, 0x0, 0xe9, 0x26, 0xf3, 0xf,
    0x40, 0x5, 0x20, 0x8f, 0xa6, 0x0, 0x0, 0x27,
    0xce, 0x22, 0x80, 0x0, 0xd7, 0x1f, 0x82, 0x4f,
    0x50, 0x4c, 0xfe, 0x70,

    /* U+0456 "і" */
    0xd, 0x40, 0x61, 0x0, 0x0, 0xf5, 0xf, 0x50,
    0xf5, 0xf, 0x50, 0xf5, 0xf, 0x50, 0xf5, 0xf,
    0x50,

    /* U+0457 "ї" */
    0x5d, 0x6, 0xc1, 0x60, 0x25, 0x0, 0x0, 0x0,
    0xf, 0x50, 0x0, 0xf5, 0x0, 0xf, 0x50, 0x0,
    0xf5, 0x0, 0xf, 0x50, 0x0, 0xf5, 0x0, 0xf,
    0x50, 0x0, 0xf5, 0x0,

    /* U+0458 "ј" */
    0x0, 0xe3, 0x0, 0x71, 0x0, 0x0, 0x0, 0xf4,
    0x0, 0xf4, 0x0, 0xf4, 0x0, 0xf4, 0x0, 0xf4,
    0x0, 0xf4, 0x0, 0xf4, 0x0, 0xf4, 0x0, 0xf4,
    0x15, 0xf2, 0x6f, 0x90,

    /* U+0459 "љ" */
    0x0, 0xff, 0xff, 0xc0, 0x0, 0x0, 0x1, 0xf4,
    0x18, 0xc0, 0x0, 0x0, 0x1, 0xf2, 0x8, 0xc0,
    0x0, 0x0, 0x2, 0xf1, 0x8, 0xff, 0xfd, 0x50,
    0x3, 0xf0, 0x8, 0xc2, 0x26, 0xf2, 0x5, 0xe0,
    0x8, 0xc0, 0x0, 0xe6, 0x2c, 0xa0, 0x8, 0xc1,
    0x15, 0xf2, 0xbc, 0x20, 0x8, 0xff, 0xfd, 0x60,

    /* U+045A "њ" */
    0xf5, 0x0, 0x4f, 0x0, 0x0, 0xf, 0x50, 0x4,
    0xf0, 0x0, 0x0, 0xf5, 0x0, 0x4f, 0x0, 0x0,
    0xf, 0xff, 0xff, 0xff, 0xfe, 0x80, 0xf6, 0x22,
    0x5f, 0x22, 0x4e, 0x6f, 0x50, 0x4, 0xf0, 0x0,
    0xa9, 0xf5, 0x0, 0x4f, 0x11, 0x3e, 0x6f, 0x50,
    0x4, 0xff, 0xfe, 0x80,

    /* U+045B "ћ" */
    0x0, 0x20, 0x0, 0x0, 0x0, 0xf3, 0x0, 0x0,
    0xf, 0xff, 0xf5, 0x0, 0x2, 0xf5, 0x20, 0x0,
    0x0, 0xf7, 0xdf, 0xb1, 0x0, 0xfd, 0x43, 0xe8,
    0x0, 0xf4, 0x0, 0x8b, 0x0, 0xf3, 0x0, 0x7c,
    0x0, 0xf3, 0x0, 0x7c, 0x0, 0xf3, 0x0, 0x7c,
    0x0, 0xf3, 0x0, 0x7c, 0x0, 0xf3, 0x0, 0x7c,

    /* U+045C "ќ" */
    0x0, 0x1e, 0x60, 0x0, 0xa, 0x70, 0x0, 0x0,
    0x0, 0x0, 0xf, 0x50, 0xb, 0xb0, 0xf5, 0x9,
    0xd1, 0xf, 0x56, 0xe2, 0x0, 0xff, 0xf7, 0x0,
    0xf, 0x79, 0xe1, 0x0, 0xf5, 0xd, 0xb0, 0xf,
    0x50, 0x3f, 0x60, 0xf5, 0x0, 0x8f, 0x20,

    /* U+045D "ѝ" */
    0xa, 0xc0, 0x0, 0x0, 0xb6, 0x0, 0x0, 0x0,
    0x0, 0xf5, 0x0, 0x8f, 0xf5, 0x2, 0xff, 0xf5,
    0xb, 0xcf, 0xf5, 0x4e, 0x4f, 0xf5, 0xd6, 0x4f,
    0xfc, 0xc0, 0x4f, 0xff, 0x30, 0x4f, 0xf9, 0x0,
    0x4f,

    /* U+045E "ў" */
    0x7, 0xa0, 0xa6, 0x0, 0x1a, 0xda, 0x0, 0x0,
    0x0, 0x0, 0xa, 0xa0, 0x1, 0xf4, 0x5f, 0x0,
    0x5e, 0x0, 0xf5, 0xa, 0xa0, 0xa, 0xa0, 0xe4,
    0x0, 0x5e, 0x3f, 0x0, 0x0, 0xfc, 0xa0, 0x0,
    0xa, 0xf5, 0x0, 0x0, 0x4f, 0x0, 0x0, 0x7,
    0xa0, 0x0, 0x14, 0xe4, 0x0, 0x6, 0xf8, 0x0,
    0x0,

    /* U+045F "џ" */
    0xf5, 0x0, 0x4f, 0xf5, 0x0, 0x4f, 0xf5, 0x0,
    0x4f, 0xf5, 0x0, 0x4f, 0xf5, 0x0, 0x4f, 0xf5,
    0x0, 0x4f, 0xf6, 0x11, 0x5f, 0xff, 0xff, 0xff,
    0x0, 0x9b, 0x0, 0x0, 0x9b, 0x0, 0x0, 0x45,
    0x0,

    /* U+0460 "Ѡ" */
    0xf6, 0x0, 0x8d, 0x0, 0xf, 0x4f, 0x60, 0x8,
    0xd0, 0x0, 0xf4, 0xf6, 0x0, 0x8d, 0x0, 0xf,
    0x4f, 0x60, 0x8, 0xd0, 0x0, 0xf4, 0xf6, 0x0,
    0x8d, 0x0, 0xf, 0x4f, 0x60, 0x8, 0xd0, 0x0,
    0xf4, 0xf6, 0x0, 0x8d, 0x0, 0xf, 0x4e, 0x60,
    0x8, 0xd0, 0x0, 0xf4, 0xd7, 0x0, 0x9e, 0x0,
    0x1f, 0x39, 0xd3, 0x4f, 0xf8, 0x2a, 0xe0, 0xa,
    0xfe, 0x73, 0xdf, 0xc3, 0x0,

    /* U+0461 "ѡ" */
    0x2f, 0x20, 0x3f, 0x0, 0x5f, 0x2f, 0x20, 0x3f,
    0x0, 0x5f, 0x2f, 0x20, 0x3f, 0x0, 0x5f, 0x2f,
    0x20, 0x3f, 0x0, 0x5f, 0x2f, 0x20, 0x3f, 0x0,
    0x5f, 0x1f, 0x20, 0x4f, 0x10, 0x5e, 0xd, 0x92,
    0xbf, 0x82, 0xca, 0x3, 0xdf, 0xb4, 0xdf, 0xb1,

    /* U+0462 "Ѣ" */
    0x0, 0xe6, 0x0, 0x0, 0x0, 0x0, 0xe6, 0x0,
    0x0, 0x0, 0x4f, 0xff, 0xf0, 0x0, 0x0, 0x2,
    0xe8, 0x20, 0x0, 0x0, 0x0, 0xe6, 0x0, 0x0,
    0x0, 0x0, 0xef, 0xff, 0xea, 0x10, 0x0, 0xe8,
    0x22, 0x4c, 0xc0, 0x0, 0xe6, 0x0, 0x3, 0xf1,
    0x0, 0xe6, 0x0, 0x3, 0xf1, 0x0, 0xe7, 0x22,
    0x3c, 0xc0, 0x0, 0xef, 0xff, 0xea, 0x10,

    /* U+0463 "ѣ" */
    0x0, 0x72, 0x0, 0x0, 0x0, 0xf5, 0x0, 0x0,
    0x0, 0xf5, 0x0, 0x0, 0x3f, 0xff, 0xf8, 0x0,
    0x2, 0xf6, 0x21, 0x0, 0x0, 0xf5, 0x0, 0x0,
    0x0, 0xf5, 0x0, 0x0, 0x0, 0xff, 0xfe, 0xa1,
    0x0, 0xf6, 0x23, 0xcb, 0x0, 0xf5, 0x0, 0x5e,
    0x0, 0xf6, 0x12, 0xbb, 0x0, 0xff, 0xff, 0xb1,

    /* U+0464 "Ѥ" */
    0xc9, 0x0, 0x2a, 0xfe, 0x91, 0xc, 0x90, 0x1e,
    0xa3, 0x3c, 0xc0, 0xc9, 0x8, 0xd0, 0x0, 0x1f,
    0x4c, 0x90, 0xd7, 0x0, 0x0, 0xa6, 0xc9, 0xf,
    0x50, 0x0, 0x0, 0xc, 0xff, 0xff, 0xff, 0xe0,
    0x0, 0xca, 0x2f, 0x62, 0x22, 0x0, 0xc, 0x90,
    0xf6, 0x0, 0x0, 0x43, 0xc9, 0xa, 0xb0, 0x0,
    0xf, 0x5c, 0x90, 0x2f, 0x93, 0x3b, 0xd0, 0xc9,
    0x0, 0x3c, 0xfe, 0xa1, 0x0,

    /* U+0465 "ѥ" */
    0xf5, 0x2, 0xbe, 0xe9, 0xf, 0x50, 0xda, 0x23,
    0xd8, 0xf5, 0x3f, 0x0, 0x3, 0x6f, 0xff, 0xff,
    0xfd, 0x0, 0xf6, 0x6f, 0x22, 0x10, 0xf, 0x51,
    0xf2, 0x0, 0x6a, 0xf5, 0xa, 0xc3, 0x4e, 0x6f,
    0x50, 0x1a, 0xfe, 0x70,

    /* U+0466 "Ѧ" */
    0x0, 0x4, 0xf3, 0x0, 0x0, 0x0, 0xaf, 0x80,
    0x0, 0x0, 0xe, 0xdd, 0x0, 0x0, 0x4, 0xf4,
    0xf2, 0x0, 0x0, 0x9c, 0xe, 0x70, 0x0, 0xe,
    0x70, 0xac, 0x0, 0x4, 0xf3, 0x5, 0xf1, 0x0,
    0x9f, 0xff, 0xff, 0x70, 0xe, 0x96, 0xf3, 0xbc,
    0x3, 0xf2, 0x4f, 0x5, 0xf1, 0x8c, 0x4, 0xf0,
    0xe, 0x60,

    /* U+0467 "ѧ" */
    0x0, 0x1f, 0x60, 0x0, 0x0, 0x7f, 0xc0, 0x0,
    0x0, 0xda, 0xf2, 0x0, 0x3, 0xf2, 0xd8, 0x0,
    0x9, 0xd0, 0x7e, 0x0, 0xe, 0xff, 0xff, 0x40,
    0x5f, 0x3f, 0x6b, 0xa0, 0xb9, 0xf, 0x54, 0xf1,

    /* U+0468 "Ѩ" */
    0xab, 0x0, 0x0, 0xac, 0x0, 0x0, 0xab, 0x0,
    0x0, 0xff, 0x10, 0x0, 0xab, 0x0, 0x4, 0xfd,
    0x70, 0x0, 0xab, 0x0, 0x9, 0xb9, 0xc0, 0x0,
    0xab, 0x0, 0xe, 0x64, 0xf1, 0x0, 0xab, 0x0,
    0x2f, 0x10, 0xf6, 0x0, 0xab, 0x0, 0x7d, 0x0,
    0xbb, 0x0, 0xaf, 0xff, 0xff, 0xff, 0xff, 0x10,
    0xab, 0x25, 0xf4, 0xbb, 0x3f, 0x50, 0xab, 0x8,
    0xc0, 0xaa, 0xb, 0xb0, 0xab, 0xe, 0x60, 0xaa,
    0x5, 0xf0,

    /* U+0469 "ѩ" */
    0xb9, 0x0, 0xf, 0x70, 0x0, 0xb9, 0x0, 0x5f,
    0xd0, 0x0, 0xb9, 0x0, 0xba, 0xf3, 0x0, 0xb9,
    0x1, 0xf3, 0xc9, 0x0, 0xb9, 0x6, 0xd0, 0x7f,
    0x0, 0xbf, 0xff, 0xff, 0xff, 0x50, 0xb9, 0x5f,
    0x3e, 0x7a, 0xb0, 0xb9, 0x9a, 0xe, 0x63, 0xf2,

    /* U+046A "Ѫ" */
    0xd, 0xff, 0xff, 0xff, 0xd0, 0x4, 0xf6, 0x22,
    0x5f, 0x50, 0x0, 0xcc, 0x0, 0xbc, 0x0, 0x0,
    0x3f, 0x44, 0xf4, 0x0, 0x0, 0xb, 0xdc, 0xb0,
    0x0, 0x9, 0xdf, 0xff, 0xfd, 0x80, 0x9d, 0x42,
    0xbb, 0x24, 0xe8, 0xe6, 0x0, 0xaa, 0x0, 0x7d,
    0xf5, 0x0, 0xaa, 0x0, 0x6e, 0xf5, 0x0, 0xaa,
    0x0, 0x6f, 0xf5, 0x0, 0xaa, 0x0, 0x6f,

    /* U+046B "ѫ" */
    0xd, 0xff, 0xff, 0xf3, 0x0, 0x5f, 0x31, 0xcb,
    0x0, 0x0, 0xda, 0x4f, 0x40, 0x0, 0x6, 0xfd,
    0xc0, 0x0, 0x1a, 0xef, 0xff, 0xc4, 0xa, 0xc3,
    0x8d, 0x29, 0xe0, 0xe5, 0x7, 0xc0, 0x1f, 0x3f,
    0x40, 0x7c, 0x0, 0xf4,

    /* U+046C "Ѭ" */
    0xc9, 0x0, 0xe, 0xff, 0xff, 0xff, 0xb0, 0xc9,
    0x0, 0x7, 0xf4, 0x22, 0x7f, 0x20, 0xc9, 0x0,
    0x0, 0xe9, 0x0, 0xda, 0x0, 0xc9, 0x0, 0x0,
    0x6f, 0x26, 0xf2, 0x0, 0xc9, 0x0, 0x0, 0xd,
    0xbe, 0x90, 0x0, 0xcf, 0xff, 0xff, 0xff, 0xff,
    0xfd, 0x60, 0xc9, 0x22, 0xdc, 0x32, 0xd9, 0x25,
    0xf5, 0xc9, 0x1, 0xf4, 0x0, 0xd8, 0x0, 0xaa,
    0xc9, 0x2, 0xf2, 0x0, 0xd8, 0x0, 0x8c, 0xc9,
    0x2, 0xf2, 0x0, 0xd8, 0x0, 0x8c, 0xc9, 0x2,
    0xf2, 0x0, 0xd8, 0x0, 0x8c,

    /* U+046D "ѭ" */
    0xf5, 0x0, 0x7f, 0xff, 0xff, 0x90, 0xf5, 0x0,
    0xe, 0x91, 0x7f, 0x20, 0xf5, 0x0, 0x7, 0xf1,
    0xda, 0x0, 0xf5, 0x0, 0x0, 0xfd, 0xf2, 0x0,
    0xff, 0xff, 0xff, 0xff, 0xfd, 0x80, 0xf6, 0x26,
    0xf5, 0x3f, 0x55, 0xf5, 0xf5, 0x8, 0xb0, 0x1f,
    0x30, 0xa9, 0xf5, 0x9, 0xb0, 0x1f, 0x30, 0xaa,

    /* U+046E "Ѯ" */
    0x1, 0xd2, 0xa7, 0x0, 0x2, 0xe8, 0x0, 0x0,
    0x0, 0x0, 0x1, 0xff, 0xea, 0x10, 0x1, 0x13,
    0xbc, 0x0, 0x0, 0x1, 0xf2, 0x0, 0x0, 0x1f,
    0x30, 0x0, 0x19, 0xc0, 0x1, 0xff, 0xe2, 0x0,
    0x2, 0x3a, 0xd0, 0x0, 0x0, 0xf, 0x50, 0x0,
    0x0, 0xf5, 0x0, 0x12, 0x9e, 0x11, 0xdf, 0xeb,
    0x20, 0x6e, 0x10, 0x0, 0x4, 0xf2, 0x0, 0x0,
    0x7, 0x90, 0x0, 0x0, 0x0, 0x0, 0x0,

    /* U+046F "ѯ" */
    0x5, 0x20, 0x71, 0x0, 0x2c, 0xa7, 0x0, 0x0,
    0x36, 0x0, 0x0, 0x0, 0x0, 0x0, 0x2f, 0xfe,
    0xb2, 0x0, 0x22, 0x2b, 0xc0, 0x0, 0x0, 0x9c,
    0x0, 0x2f, 0xfe, 0x20, 0x0, 0x23, 0xbc, 0x0,
    0x0, 0x4, 0xf0, 0x0, 0x12, 0xbc, 0x1, 0xdf,
    0xea, 0x10, 0x6d, 0x10, 0x0, 0x4, 0xe2, 0x0,
    0x0, 0x8, 0x90, 0x0, 0x0, 0x0, 0x0, 0x0,

    /* U+0470 "Ѱ" */
    0x6e, 0x0, 0xe6, 0x5, 0xf6, 0xe0, 0xe, 0x60,
    0x5f, 0x6e, 0x0, 0xe6, 0x5, 0xf6, 0xe0, 0xe,
    0x60, 0x5f, 0x5f, 0x0, 0xe6, 0x6, 0xe2, 0xf3,
    0xe, 0x60, 0xab, 0xb, 0xd2, 0xe7, 0x7f, 0x40,
    0x1b, 0xff, 0xfe, 0x60, 0x0, 0x1, 0xf8, 0x0,
    0x0, 0x0, 0xe, 0x60, 0x0, 0x0, 0x0, 0xe6,
    0x0, 0x0,

    /* U+0471 "ѱ" */
    0x5e, 0x0, 0xd7, 0xc, 0x90, 0x5e, 0x0, 0xd7,
    0x7, 0xe0, 0x5e, 0x0, 0xd7, 0x3, 0xf1, 0x5e,
    0x0, 0xd7, 0x1, 0xf2, 0x3f, 0x0, 0xd7, 0x2,
    0xf1, 0xf, 0x50, 0xd7, 0x8, 0xe0, 0x7, 0xf6,
    0xd8, 0x8f, 0x50, 0x0, 0x6c, 0xff, 0xb4, 0x0,
    0x0, 0x0, 0xd7, 0x0, 0x0, 0x0, 0x0, 0xd7,
    0x0, 0x0, 0x0, 0x0, 0xd7, 0x0, 0x0, 0x0,
    0x0, 0x31, 0x0, 0x0,

    /* U+0472 "Ѳ" */
    0x0, 0x3c, 0xfe, 0x80, 0x0, 0x3f, 0x83, 0x6e,
    0xa0, 0xc, 0xa0, 0x0, 0x3f, 0x31, 0xf3, 0x0,
    0x0, 0xd8, 0x3f, 0x10, 0x0, 0xa, 0xa4, 0xff,
    0xff, 0xff, 0xfb, 0x3f, 0x32, 0x22, 0x2b, 0xa1,
    0xf3, 0x0, 0x0, 0xc8, 0xc, 0x90, 0x0, 0x2f,
    0x30, 0x3f, 0x93, 0x5e, 0xa0, 0x0, 0x4c, 0xfe,
    0x80, 0x0,

    /* U+0473 "ѳ" */
    0x0, 0x9e, 0xe9, 0x0, 0xb, 0xb3, 0x3c, 0xa0,
    0x2f, 0x10, 0x1, 0xf1, 0x5f, 0xff, 0xff, 0xf4,
    0x4f, 0x22, 0x22, 0xf5, 0x2f, 0x30, 0x4, 0xf2,
    0xa, 0xd3, 0x3d, 0xb0, 0x0, 0xaf, 0xe9, 0x0,

    /* U+0474 "Ѵ" */
    0xbb, 0x0, 0x0, 0x1c, 0x86, 0xf0, 0x0, 0x9,
    0xd2, 0x1f, 0x40, 0x0, 0xe5, 0x0, 0xb9, 0x0,
    0x3f, 0x10, 0x6, 0xe0, 0x7, 0xc0, 0x0, 0x1f,
    0x20, 0xc7, 0x0, 0x0, 0xc7, 0x1f, 0x20, 0x0,
    0x7, 0xc6, 0xd0, 0x0, 0x0, 0x2f, 0xb8, 0x0,
    0x0, 0x0, 0xdf, 0x30, 0x0, 0x0, 0x8, 0xe0,
    0x0, 0x0,

    /* U+0475 "ѵ" */
    0x8c, 0x0, 0x9, 0xf0, 0x3f, 0x0, 0x3f, 0x50,
    0xd, 0x50, 0x8b, 0x0, 0x8, 0x90, 0xd5, 0x0,
    0x3, 0xe1, 0xf1, 0x0, 0x0, 0xe8, 0xb0, 0x0,
    0x0, 0x9f, 0x60, 0x0, 0x0, 0x3f, 0x10, 0x0,

    /* U+0476 "Ѷ" */
    0xb, 0x99, 0xa0, 0x0, 0x0, 0xb, 0x7c, 0x50,
    0x0, 0xbb, 0x0, 0x0, 0x1c, 0x86, 0xf0, 0x0,
    0x9, 0xd2, 0x1f, 0x40, 0x0, 0xe5, 0x0, 0xb9,
    0x0, 0x3f, 0x10, 0x6, 0xe0, 0x7, 0xc0, 0x0,
    0x1f, 0x20, 0xc7, 0x0, 0x0, 0xc7, 0x1f, 0x20,
    0x0, 0x7, 0xc6, 0xd0, 0x0, 0x0, 0x2f, 0xb8,
    0x0, 0x0, 0x0, 0xdf, 0x30, 0x0, 0x0, 0x8,
    0xe0, 0x0, 0x0,

    /* U+0477 "ѷ" */
    0x7, 0xd5, 0xe1, 0x0, 0x0, 0x6, 0xb6, 0xa0,
    0x0, 0x0, 0x0, 0x0, 0x0, 0x0, 0x8c, 0x0,
    0x9, 0xf0, 0x3, 0xf0, 0x3, 0xf5, 0x0, 0xd,
    0x50, 0x8b, 0x0, 0x0, 0x89, 0xd, 0x50, 0x0,
    0x3, 0xe1, 0xf1, 0x0, 0x0, 0xe, 0x8b, 0x0,
    0x0, 0x0, 0x9f, 0x60, 0x0, 0x0, 0x3, 0xf1,
    0x0, 0x0,

    /* U+0478 "Ѹ" */
    0x0, 0x3b, 0xfe, 0x90, 0x0, 0x0, 0x0, 0x0,
    0x0, 0x2f, 0x93, 0x5d, 0xb0, 0x0, 0x0, 0x0,
    0x0, 0xa, 0xb0, 0x0, 0x1f, 0x40, 0x0, 0x0,
    0x0, 0x0, 0xf5, 0x0, 0x0, 0xb9, 0x1f, 0x40,
    0x6, 0xe0, 0x2f, 0x20, 0x0, 0x9, 0xc0, 0xba,
    0x0, 0xb9, 0x2, 0xf1, 0x0, 0x0, 0x8c, 0x5,
    0xe0, 0xf, 0x40, 0x2f, 0x20, 0x0, 0x9, 0xc0,
    0xf, 0x44, 0xe0, 0x0, 0xf5, 0x0, 0x0, 0xb9,
    0x0, 0xb9, 0x99, 0x0, 0xa, 0xb0, 0x0, 0x1f,
    0x50, 0x5, 0xde, 0x40, 0x0, 0x2f, 0x93, 0x5d,
    0xc0, 0x0, 0xf, 0xe0, 0x0, 0x0, 0x3b, 0xfe,
    0x90, 0x0, 0x0, 0xb9, 0x0, 0x0, 0x0, 0x0,
    0x0, 0x0, 0x0, 0xd, 0x40, 0x0, 0x0, 0x0,
    0x0, 0x0, 0x0, 0x27, 0xe0, 0x0, 0x0, 0x0,
    0x0, 0x0, 0x0, 0xc, 0xd3, 0x0, 0x0,

    /* U+0479 "ѹ" */
    0x0, 0x9e, 0xf9, 0x0, 0xba, 0x0, 0x1f, 0x40,
    0xbc, 0x33, 0xda, 0x5, 0xf0, 0x5, 0xe0, 0x2f,
    0x20, 0x3, 0xf1, 0xf, 0x40, 0xa9, 0x5, 0xf0,
    0x0, 0xf, 0x40, 0xa9, 0xe, 0x40, 0x4f, 0x0,
    0x0, 0xf5, 0x5, 0xe3, 0xe0, 0x2, 0xf2, 0x0,
    0x3f, 0x20, 0xf, 0xca, 0x0, 0xa, 0xc3, 0x3d,
    0xa0, 0x0, 0xaf, 0x40, 0x0, 0xa, 0xfe, 0x90,
    0x0, 0x5, 0xf0, 0x0, 0x0, 0x0, 0x0, 0x0,
    0x0, 0x7a, 0x0, 0x0, 0x0, 0x0, 0x0, 0x1,
    0x4e, 0x40, 0x0, 0x0, 0x0, 0x0, 0x0, 0x6f,
    0x80, 0x0, 0x0,

    /* U+047A "Ѻ" */
    0x0, 0x0, 0xb4, 0x0, 0x0, 0x4, 0xcf, 0xe8,
    0x0, 0x3, 0xf9, 0xea, 0xea, 0x0, 0xba, 0x0,
    0x3, 0xf2, 0x1f, 0x30, 0x0, 0xd, 0x73, 0xf1,
    0x0, 0x0, 0xa9, 0x4f, 0x0, 0x0, 0x9, 0xb3,
    0xf1, 0x0, 0x0, 0xaa, 0x1f, 0x30, 0x0, 0xc,
    0x80, 0xc8, 0x0, 0x1, 0xf3, 0x4, 0xf7, 0xc8,
    0xcb, 0x0, 0x5, 0xef, 0xfa, 0x10, 0x0, 0x0,
    0xe6, 0x0, 0x0,

    /* U+047B "ѻ" */
    0x0, 0x7, 0x60, 0x0, 0x0, 0x8e, 0xe7, 0x0,
    0x9, 0xdc, 0xcd, 0x90, 0x1f, 0x30, 0x4, 0xf1,
    0x4f, 0x0, 0x0, 0xf4, 0x5e, 0x0, 0x0, 0xf5,
    0x3f, 0x10, 0x1, 0xf2, 0xd, 0x97, 0x6a, 0xc0,
    0x2, 0xdf, 0xfd, 0x20, 0x0, 0xb, 0xa0, 0x0,

    /* U+047C "Ѽ" */
    0x0, 0x7, 0xec, 0x40, 0x0, 0x0, 0x0, 0xd1,
    0x4a, 0xe2, 0x0, 0x0, 0x0, 0x2e, 0x0, 0x0,
    0x0, 0x9c, 0x5, 0x60, 0x7c, 0x20, 0x8e, 0x30,
    0x0, 0x1, 0xad, 0xd, 0x80, 0x0, 0x0, 0x2,
    0xf2, 0xe6, 0x0, 0x0, 0x0, 0x1f, 0x4f, 0x60,
    0x2, 0x40, 0x1, 0xf4, 0xf6, 0x0, 0x8d, 0x0,
    0x1f, 0x4f, 0x60, 0x8, 0xd0, 0x1, 0xf4, 0xe6,
    0x0, 0x8d, 0x0, 0x1f, 0x4d, 0x80, 0x9, 0xe0,
    0x2, 0xf2, 0x8e, 0x35, 0xff, 0x83, 0xbd, 0x0,
    0x9e, 0xe6, 0x3d, 0xfc, 0x20,

    /* U+047D "ѽ" */
    0x0, 0x3, 0xee, 0x81, 0x0, 0x0, 0x6, 0x62,
    0x7b, 0x70, 0x0, 0x0, 0xc, 0x50, 0x0, 0x3,
    0xd5, 0xa, 0x8, 0xb1, 0xd, 0x90, 0x0, 0x1,
    0xc9, 0x1f, 0x20, 0x0, 0x0, 0x6d, 0x2f, 0x20,
    0x16, 0x0, 0x5e, 0x2f, 0x20, 0x4f, 0x0, 0x5e,
    0x1f, 0x20, 0x4f, 0x0, 0x6d, 0xd, 0x92, 0xbf,
    0x82, 0xc9, 0x3, 0xdf, 0xa3, 0xdf, 0xb1,

    /* U+047E "Ѿ" */
    0x0, 0x7c, 0xdd, 0xcc, 0x0, 0x0, 0x0, 0x5,
    0x90, 0x0, 0x0, 0xf6, 0x0, 0x8d, 0x0, 0xf,
    0x4f, 0x60, 0x8, 0xd0, 0x0, 0xf4, 0xf6, 0x0,
    0x8d, 0x0, 0xf, 0x4f, 0x60, 0x8, 0xd0, 0x0,
    0xf4, 0xf6, 0x0, 0x8d, 0x0, 0xf, 0x4f, 0x60,
    0x8, 0xd0, 0x0, 0xf4, 0xf6, 0x0, 0x8d, 0x0,
    0xf, 0x4e, 0x60, 0x8, 0xd0, 0x0, 0xf4, 0xd7,
    0x0, 0x9e, 0x0, 0x1f, 0x39, 0xd3, 0x4f, 0xf8,
    0x2a, 0xe0, 0xa, 0xfe, 0x73, 0xdf, 0xc3, 0x0,

    /* U+047F "ѿ" */
    0x0, 0x4c, 0xdf, 0xcc, 0x20, 0x0, 0x0, 0x2b,
    0x0, 0x0, 0x0, 0x0, 0x0, 0x0, 0x0, 0x2f,
    0x20, 0x3f, 0x0, 0x5f, 0x2f, 0x20, 0x3f, 0x0,
    0x5f, 0x2f, 0x20, 0x3f, 0x0, 0x5f, 0x2f, 0x20,
    0x3f, 0x0, 0x5f, 0x2f, 0x20, 0x3f, 0x0, 0x5f,
    0x1f, 0x20, 0x4f, 0x10, 0x5e, 0xd, 0x92, 0xbf,
    0x82, 0xca, 0x3, 0xdf, 0xb4, 0xdf, 0xb1,

    /* U+0480 "Ҁ" */
    0x0, 0x4c, 0xfd, 0x80, 0x0, 0x3f, 0x82, 0x5e,
    0x90, 0xc, 0xa0, 0x0, 0x4f, 0x11, 0xf4, 0x0,
    0x0, 0xa2, 0x2f, 0x20, 0x0, 0x0, 0x3, 0xf2,
    0x0, 0x0, 0x0, 0x3f, 0x20, 0x0, 0x0, 0x1,
    0xf3, 0x0, 0x0, 0x0, 0xe, 0x70, 0x0, 0x0,
    0x0, 0x7e, 0x20, 0x0, 0x0, 0x0, 0xaf, 0xc4,
    0x0, 0x0, 0x0, 0x3f, 0x60, 0x0, 0x0, 0x0,
    0xe6, 0x0, 0x0, 0x0, 0xe, 0x60, 0x0,

    /* U+0481 "ҁ" */
    0x0, 0x9f, 0xe7, 0x0, 0xad, 0x34, 0xe6, 0x1f,
    0x30, 0x7, 0xa4, 0xf0, 0x0, 0x0, 0x4f, 0x0,
    0x0, 0x2, 0xf1, 0x0, 0x0, 0xd, 0x90, 0x0,
    0x0, 0x3e, 0xd7, 0x0, 0x0, 0xb, 0x90, 0x0,
    0x0, 0xa9, 0x0, 0x0, 0xa, 0x90, 0x0,

    /* U+0482 "҂" */
    0x0, 0x0, 0x0, 0xd4, 0x0, 0x18, 0x5, 0xc0,
    0x0, 0x1a, 0xee, 0x40, 0x0, 0x0, 0x8f, 0xa1,
    0x0, 0x0, 0xe4, 0x9c, 0xe, 0x56, 0xb0, 0x0,
    0x3, 0xdf, 0x40, 0x0, 0x0, 0x7d, 0xe6, 0x0,
    0x0, 0xe2, 0x29, 0x0, 0x8, 0xa0, 0x0, 0x0,

    /* U+0483 "҃" */
    0x0, 0x0, 0x65, 0x4e, 0xcc, 0xd7, 0x3a, 0x0,
    0x0,

    /* U+0484 "҄" */
    0x1, 0x5c, 0xe7, 0x3e, 0xa3, 0x1d,

    /* U+0485 "҅" */
    0x8a, 0x2, 0xd0, 0x1, 0x0,

    /* U+0486 "҆" */
    0xb, 0x70, 0xd1, 0x1, 0x0,

    /* U+0488 "҈" */
    0x0, 0x0, 0x0, 0x7a, 0x20, 0x0, 0x0, 0x0,
    0x0, 0x1, 0xb3, 0x90, 0x0, 0x0, 0x0, 0x0,
    0x0, 0x0, 0x0, 0x0, 0x0, 0x0, 0x8a, 0x40,
    0x0, 0x0, 0x9a, 0x40, 0x0, 0x40, 0x40, 0x0,
    0x0, 0x40, 0x40, 0x0, 0x0, 0x0, 0x0, 0x0,
    0x0, 0x0, 0x9, 0xa2, 0x0, 0x0, 0x0, 0x5,
    0xb6, 0x25, 0x24, 0x0, 0x0, 0x0, 0x7, 0x7,
    0x0, 0x0, 0x0, 0x0, 0x0, 0x0, 0x0, 0x0,
    0x0, 0x0, 0x0, 0x0, 0x0, 0x0, 0x0, 0x9a,
    0x30, 0x0, 0x0, 0x9a, 0x30, 0x1, 0x51, 0x50,
    0x0, 0x1, 0x51, 0x40, 0x0, 0x0, 0x0, 0x9a,
    0x40, 0x0, 0x0, 0x0, 0x0, 0x0, 0x30, 0x30,
    0x0, 0x0,

    /* U+0489 "҉" */
    0x0, 0x0, 0x0, 0x6, 0x0, 0x0, 0x0, 0x0,
    0x0, 0x0, 0x2b, 0x0, 0x0, 0x0, 0x0, 0x26,
    0x0, 0x78, 0x0, 0x2, 0x0, 0x0, 0xd, 0x10,
    0x0, 0x2, 0xba, 0x0, 0x0, 0x6, 0x30, 0x0,
    0x1, 0x50, 0x0, 0x0, 0x0, 0x0, 0x0, 0x0,
    0x0, 0x0, 0x16, 0x30, 0x0, 0x0, 0x0, 0x6,
    0x10, 0x6, 0xc2, 0x0, 0x0, 0x0, 0x8, 0xc5,
    0x0, 0x0, 0x0, 0x0, 0x0, 0x0, 0x0, 0x0,
    0x0, 0x0, 0x0, 0x0, 0x0, 0x0, 0x0, 0x6,
    0x70, 0x0, 0x1, 0xc0, 0x0, 0x0, 0x8a, 0x20,
    0x17, 0x0, 0xa3, 0x0, 0x0, 0x0, 0x0, 0x59,
    0x0, 0x14, 0x0, 0x0, 0x0, 0x0, 0x83, 0x0,
    0x0, 0x0,

    /* U+048A "Ҋ" */
    0x0, 0xe2, 0x2f, 0x0, 0x0, 0x5, 0xdd, 0x50,
    0x0, 0xc8, 0x0, 0x0, 0xdc, 0xc, 0x80, 0x0,
    0x6f, 0xc0, 0xc8, 0x0, 0x1e, 0xec, 0xc, 0x80,
    0x9, 0xd9, 0xc0, 0xc8, 0x2, 0xf4, 0x9c, 0xc,
    0x80, 0xbb, 0x9, 0xc0, 0xc8, 0x5f, 0x20, 0x9c,
    0xc, 0x9d, 0x80, 0x9, 0xc0, 0xce, 0xe0, 0x0,
    0x9c, 0xc, 0xf6, 0x0, 0x9, 0xc2, 0xcc, 0x0,
    0x0, 0x9f, 0xf0, 0x0, 0x0, 0x0, 0x5e, 0x0,
    0x0, 0x0, 0xa, 0x80, 0x0, 0x0, 0x0, 0x50,

    /* U+048B "ҋ" */
    0xe, 0x21, 0xf0, 0x0, 0x4, 0xdd, 0x50, 0x0,
    0x0, 0x0, 0x0, 0x0, 0xf5, 0x0, 0x8f, 0x0,
    0xf5, 0x2, 0xff, 0x0, 0xf5, 0xb, 0xcf, 0x0,
    0xf5, 0x4e, 0x4f, 0x0, 0xf5, 0xd6, 0x4f, 0x0,
    0xfc, 0xc0, 0x4f, 0x0, 0xff, 0x30, 0x4f, 0x20,
    0xf9, 0x0, 0x4f, 0xf3, 0x0, 0x0, 0x1, 0xf2,
    0x0, 0x0, 0x6, 0xd0, 0x0, 0x0, 0x3, 0x20,

    /* U+048C "Ҍ" */
    0x0, 0xe6, 0x0, 0x0, 0x0, 0x0, 0xe6, 0x0,
    0x0, 0x0, 0x4f, 0xff, 0xf0, 0x0, 0x0, 0x2,
    0xe8, 0x20, 0x0, 0x0, 0x0, 0xe6, 0x0, 0x0,
    0x0, 0x0, 0xef, 0xff, 0xea, 0x10, 0x0, 0xe8,
    0x22, 0x4c, 0xc0, 0x0, 0xe6, 0x0, 0x3, 0xf1,
    0x0, 0xe6, 0x0, 0x3, 0xf1, 0x0, 0xe7, 0x22,
    0x3c, 0xc0, 0x0, 0xef, 0xff, 0xea, 0x10,

    /* U+048D "ҍ" */
    0x0, 0xf5, 0x0, 0x0, 0x4f, 0xff, 0xf8, 0x0,
    0x1, 0xf6, 0x10, 0x0, 0x0, 0xf5, 0x0, 0x0,
    0x0, 0xf5, 0x0, 0x0, 0x0, 0xf5, 0x0, 0x0,
    0x0, 0xf5, 0x0, 0x0, 0x0, 0xff, 0xfe, 0xa1,
    0x0, 0xf6, 0x23, 0xcb, 0x0, 0xf5, 0x0, 0x5e,
    0x0, 0xf6, 0x12, 0xbb, 0x0, 0xff, 0xff, 0xb1,

    /* U+048E "Ҏ" */
    0xdf, 0xff, 0xe9, 0x0, 0xd8, 0x22, 0x4d, 0xa0,
    0xd7, 0x0, 0x3, 0xf1, 0xd7, 0x0, 0x0, 0xf4,
    0xd7, 0x0, 0x8a, 0xf3, 0xd7, 0x0, 0x5f, 0xe0,
    0xdf, 0xff, 0xfe, 0xd1, 0xd8, 0x22, 0x10, 0x72,
    0xd7, 0x0, 0x0, 0x0, 0xd7, 0x0, 0x0, 0x0,
    0xd7, 0x0, 0x0, 0x0,

    /* U+048F "ҏ" */
    0xf, 0x7d, 0xfb, 0x10, 0xf, 0xa1, 0x2d, 0xa0,
    0xf, 0x30, 0x4, 0xf0, 0xf, 0x30, 0x1, 0xf2,
    0xf, 0x30, 0x1, 0xf2, 0xf, 0x30, 0x6a, 0xf0,
    0xf, 0xb2, 0x6f, 0xa0, 0xf, 0x8d, 0xfc, 0xe0,
    0xf, 0x30, 0x0, 0x30, 0xf, 0x30, 0x0, 0x0,
    0xf, 0x30, 0x0, 0x0,

    /* U+0490 "Ґ" */
    0x0, 0x0, 0xf, 0x30, 0x0, 0x0, 0xf3, 0xef,
    0xff, 0xff, 0x3e, 0x72, 0x22, 0x20, 0xe6, 0x0,
    0x0, 0xe, 0x60, 0x0, 0x0, 0xe6, 0x0, 0x0,
    0xe, 0x60, 0x0, 0x0, 0xe6, 0x0, 0x0, 0xe,
    0x60, 0x0, 0x0, 0xe6, 0x0, 0x0, 0xe, 0x60,
    0x0, 0x0, 0xe6, 0x0, 0x0, 0x0,

    /* U+0491 "ґ" */
    0x0, 0x0, 0x9b, 0x0, 0x0, 0x9b, 0xf, 0xff,
    0xfb, 0xf, 0x51, 0x11, 0xf, 0x40, 0x0, 0xf,
    0x40, 0x0, 0xf, 0x40, 0x0, 0xf, 0x40, 0x0,
    0xf, 0x40, 0x0, 0xf, 0x40, 0x0,

    /* U+0492 "Ғ" */
    0xc, 0xff, 0xff, 0xf5, 0xc, 0x92, 0x22, 0x20,
    0xc, 0x80, 0x0, 0x0, 0xc, 0x80, 0x0, 0x0,
    0xc, 0x80, 0x0, 0x0, 0xff, 0xff, 0x50, 0x0,
    0x2d, 0x92, 0x0, 0x0, 0xc, 0x80, 0x0, 0x0,
    0xc, 0x80, 0x0, 0x0, 0xc, 0x80, 0x0, 0x0,
    0xc, 0x80, 0x0, 0x0,

    /* U+0493 "ғ" */
    0x0, 0xff, 0xff, 0xb0, 0xf, 0x61, 0x11, 0x0,
    0xf5, 0x0, 0x0, 0xff, 0xff, 0x50, 0x2, 0xf6,
    0x20, 0x0, 0xf, 0x50, 0x0, 0x0, 0xf5, 0x0,
    0x0, 0xf, 0x50, 0x0,

    /* U+0494 "Ҕ" */
    0xcf, 0xff, 0xff, 0x5c, 0x92, 0x22, 0x20, 0xc8,
    0x0, 0x0, 0xc, 0x80, 0x0, 0x0, 0xc8, 0x0,
    0x0, 0xc, 0xff, 0xea, 0x20, 0xc9, 0x24, 0xbe,
    0x1c, 0x80, 0x0, 0xd9, 0xc8, 0x0, 0x8, 0xcc,
    0x80, 0x0, 0x7c, 0xc8, 0x0, 0x9, 0xa0, 0x0,
    0x3, 0xf4, 0x0, 0x6, 0xf8, 0x0, 0x0, 0x0,
    0x0,

    /* U+0495 "ҕ" */
    0xf, 0xff, 0xfa, 0x0, 0xf5, 0x11, 0x10, 0xf,
    0x40, 0x0, 0x0, 0xff, 0xea, 0x10, 0xf, 0x64,
    0xbd, 0x0, 0xf4, 0x0, 0xe5, 0xf, 0x40, 0xc,
    0x80, 0xf4, 0x0, 0xd6, 0x0, 0x0, 0x8d, 0x0,
    0x0, 0x4d, 0x30, 0x0, 0x0, 0x0, 0x0,

    /* U+0496 "Җ" */
    0x4f, 0x40, 0x3, 0xf1, 0x0, 0x7f, 0x10, 0xb,
    0xc0, 0x3, 0xf1, 0x0, 0xe8, 0x0, 0x2, 0xf5,
    0x3, 0xf1, 0x8, 0xe0, 0x0, 0x0, 0x9d, 0x3,
    0xf1, 0x1f, 0x50, 0x0, 0x0, 0x1e, 0x53, 0xf1,
    0x9c, 0x0, 0x0, 0x0, 0x9, 0xff, 0xff, 0xf6,
    0x0, 0x0, 0x0, 0x2f, 0x85, 0xf3, 0xae, 0x0,
    0x0, 0x0, 0xbd, 0x3, 0xf1, 0x1f, 0x80, 0x0,
    0x5, 0xf4, 0x3, 0xf1, 0x7, 0xf2, 0x0, 0xe,
    0xb0, 0x3, 0xf1, 0x0, 0xdb, 0x10, 0x8f, 0x20,
    0x3, 0xf1, 0x0, 0x4f, 0xf2, 0x0, 0x0, 0x0,
    0x0, 0x0, 0x2, 0xf2, 0x0, 0x0, 0x0, 0x0,
    0x0, 0x2, 0xf2, 0x0, 0x0, 0x0, 0x0, 0x0,
    0x1, 0x81,

    /* U+0497 "җ" */
    0x4f, 0x30, 0x4f, 0x0, 0x9e, 0x0, 0x9d, 0x4,
    0xf0, 0x3f, 0x40, 0x0, 0xd8, 0x4f, 0xd, 0x90,
    0x0, 0x5, 0xff, 0xff, 0xf0, 0x0, 0x0, 0xca,
    0x6f, 0x3e, 0x70, 0x0, 0x6f, 0x24, 0xf0, 0x6f,
    0x10, 0xe, 0x80, 0x4f, 0x0, 0xda, 0x19, 0xf1,
    0x4, 0xf0, 0x5, 0xff, 0x0, 0x0, 0x0, 0x0,
    0x5, 0xe0, 0x0, 0x0, 0x0, 0x0, 0x5e, 0x0,
    0x0, 0x0, 0x0, 0x2, 0x70,

    /* U+0498 "Ҙ" */
    0x1, 0xae, 0xec, 0x30, 0xd, 0xc4, 0x39, 0xf2,
    0x3f, 0x20, 0x0, 0xd7, 0x0, 0x0, 0x0, 0xc8,
    0x0, 0x0, 0x5, 0xf2, 0x0, 0xf, 0xff, 0x60,
    0x0, 0x2, 0x37, 0xf4, 0x0, 0x0, 0x0, 0xaa,
    0x6f, 0x0, 0x0, 0xb9, 0x1e, 0xb3, 0x28, 0xf4,
    0x2, 0xbf, 0xfc, 0x40, 0x0, 0x7, 0xc0, 0x0,
    0x0, 0x7, 0xc0, 0x0, 0x0, 0x7, 0xc0, 0x0,

    /* U+0499 "ҙ" */
    0x5, 0xdf, 0xd6, 0x2, 0xf6, 0x15, 0xf2, 0x1,
    0x0, 0x2f, 0x20, 0xa, 0xff, 0x80, 0x0, 0x12,
    0x6f, 0x23, 0x80, 0x0, 0xe6, 0x2f, 0x71, 0x6f,
    0x20, 0x4e, 0xff, 0x50, 0x0, 0x1f, 0x30, 0x0,
    0x1, 0xf3, 0x0, 0x0, 0x1f, 0x30, 0x0,

    /* U+049A "Қ" */
    0xc8, 0x0, 0x5, 0xf5, 0xc, 0x80, 0x1, 0xea,
    0x0, 0xc8, 0x0, 0xbe, 0x0, 0xc, 0x80, 0x6f,
    0x40, 0x0, 0xc8, 0x2f, 0x80, 0x0, 0xc, 0xff,
    0xf1, 0x0, 0x0, 0xc9, 0x3e, 0x90, 0x0, 0xc,
    0x80, 0x4f, 0x50, 0x0, 0xc8, 0x0, 0x8f, 0x20,
    0xc, 0x80, 0x0, 0xcd, 0x20, 0xc8, 0x0, 0x1,
    0xff, 0x30, 0x0, 0x0, 0x1, 0xf3, 0x0, 0x0,
    0x0, 0x1f, 0x30, 0x0, 0x0, 0x0, 0x81,

    /* U+049B "қ" */
    0xf5, 0x0, 0xbb, 0xf, 0x50, 0x9d, 0x10, 0xf5,
    0x6e, 0x20, 0xf, 0xff, 0x70, 0x0, 0xf7, 0x9e,
    0x10, 0xf, 0x50, 0xdb, 0x0, 0xf5, 0x3, 0xf6,
    0x1f, 0x50, 0x8, 0xff, 0x0, 0x0, 0x6, 0xe0,
    0x0, 0x0, 0x6e, 0x0, 0x0, 0x3, 0x70,

    /* U+049C "Ҝ" */
    0xe7, 0x0, 0x5, 0xf2, 0xe7, 0x0, 0xc, 0xa0,
    0xe7, 0x0, 0x3f, 0x20, 0xe7, 0xd2, 0xaa, 0x0,
    0xe7, 0xd4, 0xf2, 0x0, 0xef, 0xff, 0xd0, 0x0,
    0xe8, 0xe6, 0xf4, 0x0, 0xe7, 0xa1, 0xad, 0x0,
    0xe7, 0x0, 0x2f, 0x60, 0xe7, 0x0, 0xa, 0xe0,
    0xe7, 0x0, 0x2, 0xf7,

    /* U+049D "ҝ" */
    0xf5, 0x0, 0x3f, 0x4f, 0x52, 0xc, 0x90, 0xf5,
    0xf6, 0xd0, 0xf, 0xff, 0xf7, 0x0, 0xf7, 0xf8,
    0xe0, 0xf, 0x5f, 0x1e, 0x70, 0xf5, 0x0, 0x7f,
    0x1f, 0x50, 0x0, 0xe9,

    /* U+049E "Ҟ" */
    0xa, 0xa0, 0x0, 0x3f, 0x70, 0xa, 0xa0, 0x0,
    0xdc, 0x0, 0xef, 0xff, 0x69, 0xf2, 0x0, 0x2b,
    0xb2, 0x5f, 0x60, 0x0, 0xa, 0xa1, 0xea, 0x0,
    0x0, 0xa, 0xff, 0xf2, 0x0, 0x0, 0xa, 0xb2,
    0xdb, 0x0, 0x0, 0xa, 0xa0, 0x2f, 0x70, 0x0,
    0xa, 0xa0, 0x6, 0xf3, 0x0, 0xa, 0xa0, 0x0,
    0xae, 0x10, 0xa, 0xa0, 0x0, 0xd, 0xb0,

    /* U+049F "ҟ" */
    0x0, 0x21, 0x0, 0x0, 0x0, 0xd, 0x60, 0x0,
    0x0, 0x4f, 0xff, 0xf0, 0x0, 0x0, 0x2e, 0x72,
    0x0, 0x0, 0x0, 0xd6, 0x0, 0xe8, 0x0, 0xd,
    0x60, 0xac, 0x0, 0x0, 0xd6, 0x5f, 0x20, 0x0,
    0xd, 0xff, 0x80, 0x0, 0x0, 0xd7, 0x8e, 0x10,
    0x0, 0xd, 0x60, 0xda, 0x0, 0x0, 0xd6, 0x3,
    0xf4, 0x0, 0xd, 0x60, 0x8, 0xe0,

    /* U+04A0 "Ҡ" */
    0x8f, 0xff, 0xf0, 0x0, 0xc, 0xc0, 0x1, 0x15,
    0xf0, 0x0, 0x8f, 0x20, 0x0, 0x4, 0xf0, 0x3,
    0xf6, 0x0, 0x0, 0x4, 0xf0, 0xd, 0xb0, 0x0,
    0x0, 0x4, 0xf0, 0x9e, 0x10, 0x0, 0x0, 0x4,
    0xff, 0xf8, 0x0, 0x0, 0x0, 0x4, 0xf3, 0x8f,
    0x20, 0x0, 0x0, 0x4, 0xf0, 0xc, 0xd0, 0x0,
    0x0, 0x4, 0xf0, 0x1, 0xe9, 0x0, 0x0, 0x4,
    0xf0, 0x0, 0x4f, 0x50, 0x0, 0x4, 0xf0, 0x0,
    0x8, 0xf2,

    /* U+04A1 "ҡ" */
    0x9f, 0xff, 0x80, 0x9, 0xd1, 0x11, 0x1c, 0x80,
    0x6e, 0x20, 0x0, 0xc, 0x84, 0xf4, 0x0, 0x0,
    0xc, 0xff, 0x90, 0x0, 0x0, 0xc, 0x96, 0xf2,
    0x0, 0x0, 0xc, 0x80, 0xad, 0x0, 0x0, 0xc,
    0x80, 0x1e, 0x80, 0x0, 0xc, 0x80, 0x5, 0xf4,

    /* U+04A2 "Ң" */
    0xd7, 0x0, 0x0, 0x8d, 0xd, 0x70, 0x0, 0x8,
    0xd0, 0xd7, 0x0, 0x0, 0x8d, 0xd, 0x70, 0x0,
    0x8, 0xd0, 0xd7, 0x0, 0x0, 0x8d, 0xd, 0xff,
    0xff, 0xff, 0xd0, 0xd8, 0x22, 0x22, 0x9d, 0xd,
    0x70, 0x0, 0x8, 0xd0, 0xd7, 0x0, 0x0, 0x8d,
    0xd, 0x70, 0x0, 0x8, 0xd1, 0xd7, 0x0, 0x0,
    0x8f, 0xe0, 0x0, 0x0, 0x0, 0x5e, 0x0, 0x0,
    0x0, 0x5, 0xe0, 0x0, 0x0, 0x0, 0x27,

    /* U+04A3 "ң" */
    0xf5, 0x0, 0x4f, 0x0, 0xf5, 0x0, 0x4f, 0x0,
    0xf5, 0x0, 0x4f, 0x0, 0xff, 0xff, 0xff, 0x0,
    0xf6, 0x22, 0x5f, 0x0, 0xf5, 0x0, 0x4f, 0x0,
    0xf5, 0x0, 0x4f, 0x10, 0xf5, 0x0, 0x4f, 0xf1,
    0x0, 0x0, 0x2, 0xf1, 0x0, 0x0, 0x2, 0xf1,
    0x0, 0x0, 0x1, 0x80,

    /* U+04A4 "Ҥ" */
    0xd7, 0x0, 0x0, 0x8f, 0xff, 0xff, 0x2d, 0x70,
    0x0, 0x8, 0xd1, 0x11, 0x10, 0xd7, 0x0, 0x0,
    0x8c, 0x0, 0x0, 0xd, 0x70, 0x0, 0x8, 0xc0,
    0x0, 0x0, 0xd7, 0x0, 0x0, 0x8c, 0x0, 0x0,
    0xd, 0xff, 0xff, 0xff, 0xc0, 0x0, 0x0, 0xd8,
    0x22, 0x22, 0x9c, 0x0, 0x0, 0xd, 0x70, 0x0,
    0x8, 0xc0, 0x0, 0x0, 0xd7, 0x0, 0x0, 0x8c,
    0x0, 0x0, 0xd, 0x70, 0x0, 0x8, 0xc0, 0x0,
    0x0, 0xd7, 0x0, 0x0, 0x8c, 0x0, 0x0, 0x0,

    /* U+04A5 "ҥ" */
    0xf, 0x40, 0x5, 0xff, 0xf7, 0xf, 0x40, 0x5,
    0xe1, 0x10, 0xf, 0x40, 0x5, 0xe0, 0x0, 0xf,
    0xff, 0xff, 0xe0, 0x0, 0xf, 0x52, 0x26, 0xe0,
    0x0, 0xf, 0x40, 0x5, 0xe0, 0x0, 0xf, 0x40,
    0x5, 0xe0, 0x0, 0xf, 0x40, 0x5, 0xe0, 0x0,

    /* U+04A6 "Ҧ" */
    0xcf, 0xff, 0xff, 0xfc, 0x0, 0x0, 0xc, 0x92,
    0x22, 0x2a, 0xc0, 0x0, 0x0, 0xc8, 0x0, 0x0,
    0x9c, 0x0, 0x0, 0xc, 0x80, 0x0, 0x9, 0xc0,
    0x0, 0x0, 0xc8, 0x0, 0x0, 0x9c, 0x0, 0x0,
    0xc, 0x80, 0x0, 0x9, 0xff, 0xe9, 0x10, 0xc8,
    0x0, 0x0, 0x9c, 0x25, 0xdd, 0xc, 0x80, 0x0,
    0x9, 0xc0, 0x1, 0xf5, 0xc8, 0x0, 0x0, 0x9c,
    0x0, 0xb, 0x9c, 0x80, 0x0, 0x9, 0xc0, 0x0,
    0xa9, 0xc8, 0x0, 0x0, 0x9c, 0x0, 0xc, 0x70,
    0x0, 0x0, 0x0, 0x0, 0x5, 0xf2, 0x0, 0x0,
    0x0, 0x0, 0x9, 0xe6, 0x0, 0x0, 0x0, 0x0,
    0x0, 0x0, 0x0,

    /* U+04A7 "ҧ" */
    0xf, 0xff, 0xff, 0xf0, 0x0, 0x0, 0xf, 0x51,
    0x16, 0xf0, 0x0, 0x0, 0xf, 0x40, 0x5, 0xf0,
    0x0, 0x0, 0xf, 0x40, 0x5, 0xff, 0xeb, 0x20,
    0xf, 0x40, 0x5, 0xf3, 0x4a, 0xe1, 0xf, 0x40,
    0x5, 0xf0, 0x0, 0xd8, 0xf, 0x40, 0x5, 0xf0,
    0x0, 0x9a, 0xf, 0x40, 0x5, 0xf0, 0x0, 0xb8,
    0x0, 0x0, 0x0, 0x0, 0x6, 0xf2, 0x0, 0x0,
    0x0, 0x0, 0x1e, 0x40, 0x0, 0x0, 0x0, 0x0,
    0x0, 0x0,

    /* U+04A8 "Ҩ" */
    0x0, 0x8d, 0x6, 0xee, 0x60, 0x6, 0xf5, 0x4f,
    0x67, 0xf2, 0xe, 0x70, 0xab, 0x0, 0xc8, 0x2f,
    0x30, 0xc8, 0x0, 0x9b, 0x3f, 0x10, 0xd7, 0x0,
    0x8c, 0x3f, 0x10, 0xd7, 0x0, 0x8c, 0x2f, 0x20,
    0xc8, 0x0, 0x9b, 0xf, 0x50, 0x8d, 0x0, 0xd8,
    0xa, 0xd0, 0x1f, 0x76, 0xf2, 0x1, 0xeb, 0x49,
    0xff, 0xb3, 0x0, 0x2a, 0xef, 0xb9, 0xdd,

    /* U+04A9 "ҩ" */
    0x2, 0xd2, 0x9e, 0xa0, 0x0, 0xd9, 0x5f, 0x4e,
    0x60, 0x2f, 0x18, 0xb0, 0x9a, 0x3, 0xf0, 0x9a,
    0x8, 0xb0, 0x2f, 0x18, 0xc0, 0x9a, 0x0, 0xf5,
    0x3f, 0x3d, 0x70, 0x8, 0xe4, 0xaf, 0xf3, 0x0,
    0x7, 0xef, 0xbc, 0xf0,

    /* U+04AA "Ҫ" */
    0x0, 0x3b, 0xfe, 0x90, 0x0, 0x2f, 0x82, 0x4c,
    0xb0, 0xb, 0xb0, 0x0, 0x2f, 0x30, 0xf5, 0x0,
    0x0, 0x83, 0x2f, 0x30, 0x0, 0x0, 0x3, 0xf2,
    0x0, 0x0, 0x0, 0x2f, 0x30, 0x0, 0x0, 0x0,
    0xf5, 0x0, 0x0, 0x73, 0xb, 0xa0, 0x0, 0x2f,
    0x30, 0x3f, 0x82, 0x4c, 0xb0, 0x0, 0x4c, 0xff,
    0x90, 0x0, 0x0, 0xf, 0x40, 0x0, 0x0, 0x0,
    0xf4, 0x0, 0x0, 0x0, 0xf, 0x40, 0x0,

    /* U+04AB "ҫ" */
    0x1, 0xaf, 0xe8, 0x0, 0xcc, 0x23, 0xe7, 0x2f,
    0x20, 0x5, 0x95, 0xe0, 0x0, 0x0, 0x5e, 0x0,
    0x0, 0x2, 0xf2, 0x0, 0x37, 0xb, 0xb2, 0x3d,
    0x70, 0x1a, 0xff, 0x80, 0x0, 0xf, 0x40, 0x0,
    0x0, 0xf4, 0x0, 0x0, 0xf, 0x40, 0x0,

    /* U+04AC "Ҭ" */
    0xaf, 0xff, 0xff, 0xff, 0x1, 0x22, 0x8d, 0x22,
    0x20, 0x0, 0x7, 0xd0, 0x0, 0x0, 0x0, 0x7d,
    0x0, 0x0, 0x0, 0x7, 0xd0, 0x0, 0x0, 0x0,
    0x7d, 0x0, 0x0, 0x0, 0x7, 0xd0, 0x0, 0x0,
    0x0, 0x7d, 0x0, 0x0, 0x0, 0x7, 0xd0, 0x0,
    0x0, 0x0, 0x7d, 0x10, 0x0, 0x0, 0x7, 0xfe,
    0x0, 0x0, 0x0, 0x5, 0xe0, 0x0, 0x0, 0x0,
    0x5e, 0x0, 0x0, 0x0, 0x2, 0x70, 0x0,

    /* U+04AD "ҭ" */
    0xbf, 0xff, 0xff, 0x71, 0x15, 0xf1, 0x10, 0x0,
    0x4f, 0x0, 0x0, 0x4, 0xf0, 0x0, 0x0, 0x4f,
    0x0, 0x0, 0x4, 0xf0, 0x0, 0x0, 0x4f, 0x10,
    0x0, 0x4, 0xff, 0x10, 0x0, 0x3, 0xf1, 0x0,
    0x0, 0x3f, 0x10, 0x0, 0x1, 0x80, 0x0,

    /* U+04AE "Ү" */
    0xad, 0x0, 0x0, 0x7f, 0x12, 0xf5, 0x0, 0xe,
    0x80, 0xa, 0xd0, 0x7, 0xf1, 0x0, 0x2f, 0x40,
    0xe8, 0x0, 0x0, 0xac, 0x6f, 0x10, 0x0, 0x2,
    0xff, 0x80, 0x0, 0x0, 0xa, 0xf1, 0x0, 0x0,
    0x0, 0x7d, 0x0, 0x0, 0x0, 0x7, 0xd0, 0x0,
    0x0, 0x0, 0x7d, 0x0, 0x0, 0x0, 0x7, 0xd0,
    0x0, 0x0,

    /* U+04AF "ү" */
    0x8c, 0x0, 0xa, 0x92, 0xf1, 0x0, 0xf4, 0xd,
    0x70, 0x5e, 0x0, 0x7c, 0xa, 0x90, 0x2, 0xf2,
    0xf3, 0x0, 0xc, 0xce, 0x0, 0x0, 0x6f, 0x80,
    0x0, 0x2, 0xf3, 0x0, 0x0, 0x1f, 0x30, 0x0,
    0x1, 0xf3, 0x0, 0x0, 0x1f, 0x30, 0x0,

    /* U+04B0 "Ұ" */
    0xad, 0x0, 0x0, 0x7f, 0x12, 0xf4, 0x0, 0xe,
    0x80, 0xa, 0xc0, 0x5, 0xf1, 0x0, 0x3f, 0x30,
    0xd9, 0x0, 0x0, 0xba, 0x4f, 0x10, 0x0, 0x3,
    0xfd, 0x90, 0x0, 0x0, 0xef, 0xff, 0x50, 0x0,
    0x2, 0x8d, 0x20, 0x0, 0x0, 0x7, 0xd0, 0x0,
    0x0, 0x0, 0x7d, 0x0, 0x0, 0x0, 0x7, 0xd0,
    0x0, 0x0,

    /* U+04B1 "ұ" */
    0x8c, 0x0, 0xa, 0x92, 0xf1, 0x0, 0xf4, 0xd,
    0x60, 0x5e, 0x0, 0x7c, 0xa, 0x90, 0x2, 0xf2,
    0xf3, 0x0, 0xc, 0xbd, 0x0, 0x0, 0x7f, 0x91,
    0x0, 0x9f, 0xff, 0xc0, 0x0, 0x1f, 0x30, 0x0,
    0x1, 0xf3, 0x0, 0x0, 0x1f, 0x30, 0x0,

    /* U+04B2 "Ҳ" */
    0x3f, 0x40, 0x0, 0x8f, 0x10, 0xad, 0x0, 0x2f,
    0x70, 0x2, 0xf7, 0xa, 0xd0, 0x0, 0x8, 0xf6,
    0xf5, 0x0, 0x0, 0xe, 0xfc, 0x0, 0x0, 0x0,
    0x8f, 0x50, 0x0, 0x0, 0x1e, 0xfc, 0x0, 0x0,
    0x9, 0xe3, 0xf5, 0x0, 0x2, 0xf6, 0x9, 0xe0,
    0x0, 0xbc, 0x0, 0x1e, 0x91, 0x5f, 0x30, 0x0,
    0x7f, 0xd0, 0x0, 0x0, 0x0, 0x9b, 0x0, 0x0,
    0x0, 0x9, 0xb0, 0x0, 0x0, 0x0, 0x45,

    /* U+04B3 "ҳ" */
    0x5f, 0x20, 0x3f, 0x40, 0xb, 0xa0, 0xca, 0x0,
    0x2, 0xf9, 0xf1, 0x0, 0x0, 0x8f, 0x60, 0x0,
    0x0, 0x8f, 0x70, 0x0, 0x2, 0xf7, 0xf1, 0x0,
    0xc, 0x90, 0xbb, 0x10, 0x6f, 0x10, 0x2f, 0xf0,
    0x0, 0x0, 0x3, 0xf0, 0x0, 0x0, 0x3, 0xf0,
    0x0, 0x0, 0x1, 0x80,

    /* U+04B4 "Ҵ" */
    0xaf, 0xff, 0xff, 0xe0, 0xd, 0x70, 0x1, 0x2f,
    0x41, 0x10, 0xd, 0x70, 0x0, 0x1f, 0x30, 0x0,
    0xd, 0x70, 0x0, 0x1f, 0x30, 0x0, 0xd, 0x70,
    0x0, 0x1f, 0x30, 0x0, 0xd, 0x70, 0x0, 0x1f,
    0x30, 0x0, 0xd, 0x70, 0x0, 0x1f, 0x30, 0x0,
    0xd, 0x70, 0x0, 0x1f, 0x30, 0x0, 0xd, 0x70,
    0x0, 0x1f, 0x30, 0x0, 0xd, 0x70, 0x0, 0x1f,
    0x52, 0x22, 0x2e, 0x81, 0x0, 0x1f, 0xff, 0xff,
    0xff, 0xf7, 0x0, 0x0, 0x0, 0x0, 0x0, 0xc7,
    0x0, 0x0, 0x0, 0x0, 0x0, 0xc6, 0x0, 0x0,
    0x0, 0x0, 0x0, 0x63,

    /* U+04B5 "ҵ" */
    0xcf, 0xff, 0xf0, 0x4f, 0x1, 0x1e, 0x61, 0x4,
    0xf0, 0x0, 0xe5, 0x0, 0x4f, 0x0, 0xe, 0x50,
    0x4, 0xf0, 0x0, 0xe5, 0x0, 0x4f, 0x0, 0xe,
    0x50, 0x4, 0xf0, 0x0, 0xe6, 0x11, 0x5f, 0x10,
    0xe, 0xff, 0xff, 0xfe, 0x0, 0x0, 0x0, 0x5,
    0xd0, 0x0, 0x0, 0x0, 0x5c, 0x0, 0x0, 0x0,
    0x1, 0x40,

    /* U+04B6 "Ҷ" */
    0xf5, 0x0, 0x0, 0xf6, 0xf, 0x50, 0x0, 0xf,
    0x60, 0xf5, 0x0, 0x0, 0xf6, 0xf, 0x50, 0x0,
    0xf, 0x60, 0xd7, 0x0, 0x0, 0xf6, 0x9, 0xd2,
    0x1, 0x4f, 0x60, 0x1b, 0xff, 0xfe, 0xf6, 0x0,
    0x0, 0x21, 0xf, 0x60, 0x0, 0x0, 0x0, 0xf6,
    0x0, 0x0, 0x0, 0xf, 0x70, 0x0, 0x0, 0x0,
    0xff, 0x70, 0x0, 0x0, 0x0, 0xd7, 0x0, 0x0,
    0x0, 0xd, 0x70, 0x0, 0x0, 0x0, 0x63,

    /* U+04B7 "ҷ" */
    0x4f, 0x0, 0xb, 0x80, 0x4f, 0x0, 0xb, 0x80,
    0x4f, 0x0, 0xb, 0x80, 0x1f, 0x60, 0x1c, 0x80,
    0x6, 0xff, 0xff, 0x80, 0x0, 0x1, 0xb, 0x80,
    0x0, 0x0, 0xb, 0x91, 0x0, 0x0, 0xb, 0xfa,
    0x0, 0x0, 0x0, 0xaa, 0x0, 0x0, 0x0, 0xaa,
    0x0, 0x0, 0x0, 0x55,

    /* U+04B8 "Ҹ" */
    0xf5, 0x0, 0x0, 0xf6, 0xf5, 0x0, 0x0, 0xf6,
    0xf5, 0x0, 0x0, 0xf6, 0xf5, 0x0, 0x0, 0xf6,
    0xd7, 0xa, 0x60, 0xf6, 0x9d, 0x2a, 0x73, 0xf6,
    0x1b, 0xff, 0xfe, 0xf6, 0x0, 0xa, 0x60, 0xf6,
    0x0, 0xa, 0x60, 0xf6, 0x0, 0x0, 0x0, 0xf6,
    0x0, 0x0, 0x0, 0xf6,

    /* U+04B9 "ҹ" */
    0x1f, 0x20, 0x8, 0xb1, 0xf2, 0x0, 0x8b, 0x1f,
    0x29, 0x68, 0xb0, 0xd8, 0x97, 0x9b, 0x4, 0xef,
    0xff, 0xb0, 0x0, 0xa7, 0x8b, 0x0, 0x1, 0x8,
    0xb0, 0x0, 0x0, 0x8b,

    /* U+04BA "Һ" */
    0x1f, 0x40, 0x0, 0x0, 0x1, 0xf4, 0x0, 0x0,
    0x0, 0x1f, 0x40, 0x0, 0x0, 0x1, 0xf4, 0x0,
    0x0, 0x0, 0x1f, 0xcd, 0xfe, 0xa1, 0x1, 0xfa,
    0x43, 0x3b, 0xc0, 0x1f, 0x40, 0x0, 0x2f, 0x21,
    0xf4, 0x0, 0x0, 0xf4, 0x1f, 0x40, 0x0, 0xf,
    0x41, 0xf4, 0x0, 0x0, 0xf4, 0x1f, 0x40, 0x0,
    0xf, 0x40,

    /* U+04BB "һ" */
    0x2, 0x0, 0x0, 0x0, 0xf3, 0x0, 0x0, 0xf,
    0x30, 0x0, 0x0, 0xf3, 0x0, 0x0, 0xf, 0x7d,
    0xfb, 0x10, 0xfd, 0x43, 0xe8, 0xf, 0x40, 0x8,
    0xb0, 0xf3, 0x0, 0x7c, 0xf, 0x30, 0x7, 0xc0,
    0xf3, 0x0, 0x7c, 0xf, 0x30, 0x7, 0xc0, 0xf3,
    0x0, 0x7c,

    /* U+04BC "Ҽ" */
    0x0, 0x0, 0x5d, 0xfc, 0x30, 0x0, 0x0, 0x5f,
    0x63, 0x9f, 0x20, 0x0, 0xe, 0x70, 0x0, 0xb9,
    0x8, 0x83, 0xf2, 0x0, 0x6, 0xe0, 0x4d, 0x7f,
    0x0, 0x0, 0x4f, 0x0, 0x8f, 0xfe, 0xee, 0xef,
    0xf0, 0x0, 0x6f, 0x11, 0x11, 0x11, 0x0, 0x5,
    0xf0, 0x0, 0x0, 0x0, 0x0, 0x1f, 0x60, 0x0,
    0x0, 0x0, 0x0, 0x8f, 0x73, 0x37, 0x30, 0x0,
    0x0, 0x6d, 0xfe, 0xc3, 0x0,

    /* U+04BD "ҽ" */
    0x0, 0x2, 0xbf, 0xd5, 0x1, 0x41, 0xe8, 0x25,
    0xf2, 0x1e, 0x8d, 0x0, 0xb, 0x80, 0x6e, 0xff,
    0xff, 0xfa, 0x0, 0x8c, 0x22, 0x22, 0x10, 0x5,
    0xe0, 0x0, 0x0, 0x0, 0xd, 0xa2, 0x3c, 0x50,
    0x0, 0x2b, 0xfe, 0x80,

    /* U+04BE "Ҿ" */
    0x0, 0x0, 0x5d, 0xfc, 0x30, 0x0, 0x0, 0x5f,
    0x63, 0x9f, 0x20, 0x0, 0xe, 0x70, 0x0, 0xb9,
    0x8, 0x83, 0xf2, 0x0, 0x6, 0xe0, 0x4d, 0x7f,
    0x0, 0x0, 0x4f, 0x0, 0x8f, 0xfe, 0xee, 0xef,
    0xf0, 0x0, 0x6f, 0x11, 0x11, 0x11, 0x0, 0x5,
    0xf0, 0x0, 0x0, 0x0, 0x0, 0x1f, 0x60, 0x0,
    0x0, 0x0, 0x0, 0x8f, 0x73, 0x37, 0x30, 0x0,
    0x0, 0x6d, 0xff, 0xb3, 0x0, 0x0, 0x0, 0xf,
    0x40, 0x0, 0x0, 0x0, 0x0, 0xf4, 0x0, 0x0,
    0x0, 0x0, 0xf, 0x40, 0x0,

    /* U+04BF "ҿ" */
    0x0, 0x2, 0xbf, 0xd5, 0x1, 0x41, 0xe8, 0x25,
    0xf2, 0x1e, 0x8d, 0x0, 0xb, 0x80, 0x6e, 0xff,
    0xff, 0xfa, 0x0, 0x8c, 0x22, 0x22, 0x10, 0x5,
    0xe0, 0x0, 0x0, 0x0, 0xd, 0xa2, 0x3c, 0x50,
    0x0, 0x2b, 0xff, 0x80, 0x0, 0x0, 0xc, 0x70,
    0x0, 0x0, 0x0, 0xc7, 0x0, 0x0, 0x0, 0xc,
    0x70, 0x0,

    /* U+04C0 "Ӏ" */
    0xc9, 0xc9, 0xc9, 0xc9, 0xc9, 0xc9, 0xc9, 0xc9,
    0xc9, 0xc9, 0xc9,

    /* U+04C1 "Ӂ" */
    0x0, 0x0, 0x98, 0xc, 0x50, 0x0, 0x0, 0x0,
    0x1, 0xbd, 0x90, 0x0, 0x0, 0x4f, 0x40, 0x3,
    0xf1, 0x0, 0x7f, 0x10, 0xbc, 0x0, 0x3f, 0x10,
    0xe, 0x80, 0x2, 0xf5, 0x3, 0xf1, 0x8, 0xe0,
    0x0, 0x9, 0xd0, 0x3f, 0x11, 0xf5, 0x0, 0x0,
    0x1e, 0x53, 0xf1, 0x9c, 0x0, 0x0, 0x0, 0x9f,
    0xff, 0xff, 0x60, 0x0, 0x0, 0x2f, 0x85, 0xf3,
    0xae, 0x0, 0x0, 0xb, 0xd0, 0x3f, 0x11, 0xf8,
    0x0, 0x5, 0xf4, 0x3, 0xf1, 0x7, 0xf2, 0x0,
    0xeb, 0x0, 0x3f, 0x10, 0xd, 0xb0, 0x8f, 0x20,
    0x3, 0xf1, 0x0, 0x4f, 0x40,

    /* U+04C2 "ӂ" */
    0x0, 0x9, 0x70, 0xc4, 0x0, 0x0, 0x0, 0x2b,
    0xd9, 0x0, 0x0, 0x0, 0x0, 0x0, 0x0, 0x0,
    0x4, 0xf3, 0x4, 0xf0, 0x9, 0xe0, 0x9, 0xd0,
    0x4f, 0x3, 0xf4, 0x0, 0xd, 0x84, 0xf0, 0xd9,
    0x0, 0x0, 0x5f, 0xff, 0xff, 0x0, 0x0, 0xc,
    0xa6, 0xf3, 0xe7, 0x0, 0x6, 0xf2, 0x4f, 0x6,
    0xf1, 0x0, 0xe8, 0x4, 0xf0, 0xd, 0xa0, 0x9f,
    0x10, 0x4f, 0x0, 0x5f, 0x30,

    /* U+04C3 "Ӄ" */
    0xe7, 0x0, 0x8, 0xe1, 0xe7, 0x0, 0x3f, 0x50,
    0xe7, 0x0, 0xda, 0x0, 0xe7, 0x9, 0xd0, 0x0,
    0xe7, 0x5f, 0x30, 0x0, 0xef, 0xff, 0xc6, 0x0,
    0xe8, 0x33, 0x7f, 0x80, 0xe7, 0x0, 0x5, 0xf1,
    0xe7, 0x0, 0x0, 0xf4, 0xe7, 0x0, 0x0, 0xf5,
    0xe7, 0x0, 0x1, 0xf3, 0x0, 0x0, 0xa, 0xd0,
    0x0, 0x0, 0xed, 0x30, 0x0, 0x0, 0x10, 0x0,

    /* U+04C4 "ӄ" */
    0xf5, 0x0, 0xcc, 0xf, 0x50, 0xbe, 0x10, 0xf5,
    0x9f, 0x30, 0xf, 0xff, 0xb2, 0x0, 0xf7, 0x36,
    0xe5, 0xf, 0x50, 0x5, 0xe0, 0xf5, 0x0, 0x2f,
    0x1f, 0x50, 0x5, 0xf0, 0x0, 0x4, 0xe7, 0x0,
    0x0, 0x87, 0x0,

    /* U+04C5 "Ӆ" */
    0x0, 0x7f, 0xff, 0xff, 0xb0, 0x0, 0x8d, 0x22,
    0x2a, 0xb0, 0x0, 0x8b, 0x0, 0xa, 0xb0, 0x0,
    0x9b, 0x0, 0xa, 0xb0, 0x0, 0xaa, 0x0, 0xa,
    0xb0, 0x0, 0xa9, 0x0, 0xa, 0xb0, 0x0, 0xb8,
    0x0, 0xa, 0xb0, 0x0, 0xd7, 0x0, 0xa, 0xb0,
    0x0, 0xf4, 0x0, 0xa, 0xb0, 0x19, 0xe0, 0x0,
    0xa, 0xb2, 0xad, 0x40, 0x0, 0xa, 0xfe, 0x0,
    0x0, 0x0, 0x0, 0x6d, 0x0, 0x0, 0x0, 0x0,
    0xb7, 0x0, 0x0, 0x0, 0x0, 0x50,

    /* U+04C6 "ӆ" */
    0x0, 0xff, 0xff, 0xf0, 0x0, 0xf, 0x41, 0x5f,
    0x0, 0x1, 0xf2, 0x4, 0xf0, 0x0, 0x1f, 0x10,
    0x4f, 0x0, 0x2, 0xf0, 0x4, 0xf0, 0x0, 0x5e,
    0x0, 0x4f, 0x0, 0x2c, 0xa0, 0x4, 0xf2, 0xb,
    0xd2, 0x0, 0x4f, 0xf3, 0x0, 0x0, 0x0, 0xf,
    0x20, 0x0, 0x0, 0x5, 0xd0, 0x0, 0x0, 0x0,
    0x33, 0x0,

    /* U+04C7 "Ӈ" */
    0xc8, 0x0, 0x0, 0x9b, 0xc8, 0x0, 0x0, 0x9b,
    0xc8, 0x0, 0x0, 0x9b, 0xc8, 0x0, 0x0, 0x9b,
    0xc8, 0x0, 0x0, 0x9b, 0xcf, 0xff, 0xff, 0xfb,
    0xc9, 0x22, 0x22, 0xab, 0xc8, 0x0, 0x0, 0x9b,
    0xc8, 0x0, 0x0, 0x9b, 0xc8, 0x0, 0x0, 0x9b,
    0xc8, 0x0, 0x0, 0x9b, 0x0, 0x0, 0x0, 0x9b,
    0x0, 0x0, 0x3, 0xd8, 0x0, 0x0, 0x3f, 0xb1,

    /* U+04C8 "ӈ" */
    0xf, 0x40, 0x5, 0xe0, 0xf4, 0x0, 0x5e, 0xf,
    0x40, 0x5, 0xe0, 0xff, 0xff, 0xfe, 0xf, 0x52,
    0x26, 0xe0, 0xf4, 0x0, 0x5e, 0xf, 0x40, 0x5,
    0xe0, 0xf4, 0x0, 0x5e, 0x0, 0x0, 0x5, 0xe0,
    0x0, 0x2, 0xab, 0x0, 0x0, 0xfd, 0x30,

    /* U+04C9 "Ӊ" */
    0xd7, 0x0, 0x0, 0x8d, 0x0, 0xd7, 0x0, 0x0,
    0x8d, 0x0, 0xd7, 0x0, 0x0, 0x8d, 0x0, 0xd7,
    0x0, 0x0, 0x8d, 0x0, 0xd7, 0x0, 0x0, 0x8d,
    0x0, 0xdf, 0xff, 0xff, 0xfd, 0x0, 0xd8, 0x22,
    0x22, 0x9d, 0x0, 0xd7, 0x0, 0x0, 0x8d, 0x0,
    0xd7, 0x0, 0x0, 0x8d, 0x0, 0xd7, 0x0, 0x0,
    0x8d, 0x10, 0xd7, 0x0, 0x0, 0x8f, 0xf0, 0x0,
    0x0, 0x0, 0x4, 0xf0, 0x0, 0x0, 0x0, 0x9,
    0x90, 0x0, 0x0, 0x0, 0x5, 0x10,

    /* U+04CA "ӊ" */
    0xf5, 0x0, 0x4f, 0x0, 0xf5, 0x0, 0x4f, 0x0,
    0xf5, 0x0, 0x4f, 0x0, 0xff, 0xff, 0xff, 0x0,
    0xf6, 0x22, 0x5f, 0x0, 0xf5, 0x0, 0x4f, 0x0,
    0xf5, 0x0, 0x4f, 0x41, 0xf5, 0x0, 0x4f, 0xf3,
    0x0, 0x0, 0x1, 0xf2, 0x0, 0x0, 0x6, 0xc0,
    0x0, 0x0, 0x3, 0x20,

    /* U+04CB "Ӌ" */
    0xf5, 0x0, 0x0, 0xf6, 0xf5, 0x0, 0x0, 0xf6,
    0xf5, 0x0, 0x0, 0xf6, 0xf5, 0x0, 0x0, 0xf6,
    0xd7, 0x0, 0x0, 0xf6, 0x9d, 0x20, 0x14, 0xf6,
    0x1b, 0xff, 0xfe, 0xf6, 0x0, 0x2, 0x10, 0xf6,
    0x0, 0x0, 0x0, 0xf6, 0x0, 0x0, 0x1, 0xf6,
    0x0, 0x0, 0x1f, 0xf6, 0x0, 0x0, 0x1f, 0x30,
    0x0, 0x0, 0x1f, 0x30, 0x0, 0x0, 0x8, 0x10,

    /* U+04CC "ӌ" */
    0x4f, 0x0, 0xb, 0x84, 0xf0, 0x0, 0xb8, 0x4f,
    0x0, 0xb, 0x81, 0xf6, 0x1, 0xc8, 0x6, 0xff,
    0xff, 0x80, 0x0, 0x10, 0xb8, 0x0, 0x0, 0x1c,
    0x80, 0x0, 0xe, 0xf8, 0x0, 0x0, 0xe6, 0x0,
    0x0, 0xe, 0x60, 0x0, 0x0, 0x73, 0x0,

    /* U+04CD "Ӎ" */
    0xdf, 0x0, 0x0, 0x0, 0xdf, 0x10, 0xdf, 0x60,
    0x0, 0x2, 0xff, 0x10, 0xdd, 0xb0, 0x0, 0x8,
    0xdf, 0x10, 0xd8, 0xf1, 0x0, 0xe, 0x8f, 0x10,
    0xd6, 0xc7, 0x0, 0x4f, 0x3f, 0x10, 0xd6, 0x6d,
    0x0, 0xaa, 0x3f, 0x10, 0xd7, 0x1f, 0x30, 0xf4,
    0x3f, 0x10, 0xd7, 0xb, 0x85, 0xe0, 0x4f, 0x10,
    0xd7, 0x5, 0xeb, 0x80, 0x4f, 0x10, 0xd7, 0x0,
    0xef, 0x20, 0x4f, 0x20, 0xd7, 0x0, 0x9c, 0x0,
    0x4f, 0xf3, 0x0, 0x0, 0x0, 0x0, 0x1, 0xf2,
    0x0, 0x0, 0x0, 0x0, 0x6, 0xc0, 0x0, 0x0,
    0x0, 0x0, 0x3, 0x20,

    /* U+04CE "ӎ" */
    0xee, 0x0, 0x0, 0x7f, 0x50, 0xef, 0x50, 0x0,
    0xef, 0x50, 0xed, 0xb0, 0x4, 0xef, 0x50, 0xe6,
    0xf2, 0xb, 0x8f, 0x50, 0xe5, 0xa9, 0x2f, 0x1f,
    0x50, 0xe5, 0x3f, 0x9a, 0xf, 0x50, 0xe5, 0xd,
    0xf4, 0xf, 0x61, 0xe5, 0x6, 0xd0, 0xf, 0xf8,
    0x0, 0x0, 0x0, 0x0, 0xc7, 0x0, 0x0, 0x0,
    0x1, 0xf2, 0x0, 0x0, 0x0, 0x1, 0x50,

    /* U+04CF "ӏ" */
    0xc9, 0xc9, 0xc9, 0xc9, 0xc9, 0xc9, 0xc9, 0xc9,
    0xc9, 0xc9, 0xc9,

    /* U+04D0 "Ӑ" */
    0x0, 0x5b, 0x8, 0x80, 0x0, 0x0, 0x9d, 0xb1,
    0x0, 0x0, 0x2, 0xf4, 0x0, 0x0, 0x0, 0x8f,
    0xa0, 0x0, 0x0, 0xd, 0x8f, 0x0, 0x0, 0x3,
    0xf0, 0xe5, 0x0, 0x0, 0x8b, 0x9, 0xb0, 0x0,
    0xe, 0x50, 0x3f, 0x10, 0x4, 0xf1, 0x0, 0xe6,
    0x0, 0x9f, 0xff, 0xff, 0xb0, 0xe, 0x72, 0x22,
    0x5f, 0x14, 0xf1, 0x0, 0x0, 0xe6, 0xab, 0x0,
    0x0, 0x8, 0xc0,

    /* U+04D1 "ӑ" */
    0x0, 0xf1, 0x2e, 0x0, 0x5, 0xdd, 0x40, 0x0,
    0x0, 0x0, 0x0, 0x2b, 0xfe, 0x80, 0xe, 0x91,
    0x4f, 0x50, 0x30, 0x0, 0xb9, 0x2, 0xbe, 0xff,
    0x90, 0xe8, 0x0, 0xa9, 0x3f, 0x0, 0xb, 0x91,
    0xf8, 0x38, 0xf9, 0x5, 0xde, 0xa8, 0xa0,

    /* U+04D2 "Ӓ" */
    0x0, 0x6b, 0x7, 0xa0, 0x0, 0x2, 0x50, 0x34,
    0x0, 0x0, 0x2, 0xf4, 0x0, 0x0, 0x0, 0x8f,
    0xa0, 0x0, 0x0, 0xd, 0x8f, 0x0, 0x0, 0x3,
    0xf0, 0xe5, 0x0, 0x0, 0x8b, 0x9, 0xb0, 0x0,
    0xe, 0x50, 0x3f, 0x10, 0x4, 0xf1, 0x0, 0xe6,
    0x0, 0x9f, 0xff, 0xff, 0xb0, 0xe, 0x72, 0x22,
    0x5f, 0x14, 0xf1, 0x0, 0x0, 0xe6, 0xab, 0x0,
    0x0, 0x8, 0xc0,

    /* U+04D3 "ӓ" */
    0x1, 0xe2, 0x2e, 0x10, 0x6, 0x0, 0x60, 0x0,
    0x0, 0x0, 0x0, 0x2b, 0xfe, 0x80, 0xe, 0x91,
    0x4f, 0x50, 0x30, 0x0, 0xb9, 0x2, 0xbe, 0xff,
    0x90, 0xe8, 0x0, 0xa9, 0x3f, 0x0, 0xb, 0x91,
    0xf8, 0x38, 0xf9, 0x5, 0xde, 0xa8, 0xa0,

    /* U+04D4 "Ӕ" */
    0x0, 0x0, 0x0, 0x5f, 0xff, 0xff, 0xf6, 0x0,
    0x0, 0x0, 0xde, 0xb1, 0x11, 0x10, 0x0, 0x0,
    0x7, 0xe8, 0xb0, 0x0, 0x0, 0x0, 0x0, 0x1e,
    0x67, 0xc0, 0x0, 0x0, 0x0, 0x0, 0x8d, 0x7,
    0xc0, 0x0, 0x0, 0x0, 0x1, 0xf5, 0x6, 0xff,
    0xff, 0xd0, 0x0, 0xa, 0xc0, 0x6, 0xe2, 0x22,
    0x10, 0x0, 0x3f, 0xff, 0xff, 0xe0, 0x0, 0x0,
    0x0, 0xbb, 0x33, 0x37, 0xf0, 0x0, 0x0, 0x4,
    0xf3, 0x0, 0x4, 0xf1, 0x11, 0x11, 0xd, 0xb0,
    0x0, 0x3, 0xff, 0xff, 0xfd,

    /* U+04D5 "ӕ" */
    0x4, 0xcf, 0xd5, 0x5d, 0xfc, 0x30, 0x1f, 0x72,
    0x5f, 0xf5, 0x28, 0xe0, 0x3, 0x0, 0xe, 0x80,
    0x0, 0xf3, 0x6, 0xdf, 0xff, 0xff, 0xff, 0xf5,
    0x3f, 0x50, 0xe, 0x70, 0x0, 0x0, 0x6d, 0x0,
    0xe, 0xb0, 0x0, 0x0, 0x4f, 0x42, 0x9e, 0xf7,
    0x23, 0xa0, 0x8, 0xef, 0xb2, 0x4d, 0xfd, 0x80,

    /* U+04D6 "Ӗ" */
    0xb, 0x60, 0xd2, 0x0, 0x2c, 0xd8, 0x0, 0xdf,
    0xff, 0xff, 0x6d, 0x82, 0x22, 0x21, 0xd7, 0x0,
    0x0, 0xd, 0x70, 0x0, 0x0, 0xd7, 0x0, 0x0,
    0xd, 0xff, 0xff, 0xc0, 0xd8, 0x22, 0x21, 0xd,
    0x70, 0x0, 0x0, 0xd7, 0x0, 0x0, 0xd, 0x82,
    0x22, 0x21, 0xdf, 0xff, 0xff, 0x70,

    /* U+04D7 "ӗ" */
    0x1, 0xe1, 0x4c, 0x0, 0x6, 0xdc, 0x30, 0x0,
    0x0, 0x0, 0x0, 0x9, 0xfe, 0x80, 0xa, 0xb2,
    0x4e, 0x62, 0xf1, 0x0, 0x7c, 0x5f, 0xff, 0xff,
    0xe5, 0xf2, 0x22, 0x22, 0x2f, 0x30, 0x0, 0x0,
    0xbd, 0x32, 0xa9, 0x1, 0xaf, 0xfa, 0x10,

    /* U+04D8 "Ә" */
    0x2, 0xae, 0xfd, 0x70, 0x0, 0x28, 0x32, 0x5d,
    0xb0, 0x0, 0x0, 0x0, 0x2f, 0x50, 0x0, 0x0,
    0x0, 0xaa, 0x0, 0x0, 0x0, 0x8, 0xd5, 0xff,
    0xff, 0xff, 0xfd, 0x5f, 0x22, 0x22, 0x29, 0xd3,
    0xf1, 0x0, 0x0, 0xba, 0xe, 0x70, 0x0, 0x2f,
    0x40, 0x6f, 0x73, 0x4d, 0xa0, 0x0, 0x5d, 0xfe,
    0x80, 0x0,

    /* U+04D9 "ә" */
    0x6, 0xdf, 0xd4, 0x0, 0xb5, 0x28, 0xf2, 0x0,
    0x0, 0xc, 0x90, 0x0, 0x0, 0x8c, 0x4f, 0xff,
    0xff, 0xc3, 0xf2, 0x22, 0xaa, 0xe, 0x82, 0x5f,
    0x30, 0x3c, 0xfd, 0x40,

    /* U+04DA "Ӛ" */
    0x0, 0xb7, 0xb, 0x60, 0x0, 0x4, 0x30, 0x52,
    0x0, 0x2, 0xae, 0xfd, 0x70, 0x0, 0x28, 0x32,
    0x5d, 0xb0, 0x0, 0x0, 0x0, 0x2f, 0x50, 0x0,
    0x0, 0x0, 0xaa, 0x0, 0x0, 0x0, 0x8, 0xd5,
    0xff, 0xff, 0xff, 0xfd, 0x5f, 0x22, 0x22, 0x29,
    0xd3, 0xf1, 0x0, 0x0, 0xba, 0xe, 0x70, 0x0,
    0x2f, 0x40, 0x6f, 0x73, 0x4d, 0xa0, 0x0, 0x5d,
    0xfe, 0x80, 0x0,

    /* U+04DB "ӛ" */
    0x3, 0xe0, 0x4d, 0x0, 0x16, 0x1, 0x60, 0x0,
    0x0, 0x0, 0x0, 0x6d, 0xfd, 0x40, 0xb, 0x52,
    0x8f, 0x20, 0x0, 0x0, 0xc9, 0x0, 0x0, 0x8,
    0xc4, 0xff, 0xff, 0xfc, 0x3f, 0x22, 0x2a, 0xa0,
    0xe8, 0x25, 0xf3, 0x3, 0xcf, 0xd4, 0x0,

    /* U+04DC "Ӝ" */
    0x0, 0x0, 0xa8, 0xb, 0x70, 0x0, 0x0, 0x0,
    0x4, 0x30, 0x52, 0x0, 0x0, 0x4f, 0x40, 0x3,
    0xf1, 0x0, 0x7f, 0x10, 0xbc, 0x0, 0x3f, 0x10,
    0xe, 0x80, 0x2, 0xf5, 0x3, 0xf1, 0x8, 0xe0,
    0x0, 0x9, 0xd0, 0x3f, 0x11, 0xf5, 0x0, 0x0,
    0x1e, 0x53, 0xf1, 0x9c, 0x0, 0x0, 0x0, 0x9f,
    0xff, 0xff, 0x60, 0x0, 0x0, 0x2f, 0x85, 0xf3,
    0xae, 0x0, 0x0, 0xb, 0xd0, 0x3f, 0x11, 0xf8,
    0x0, 0x5, 0xf4, 0x3, 0xf1, 0x7, 0xf2, 0x0,
    0xeb, 0x0, 0x3f, 0x10, 0xd, 0xb0, 0x8f, 0x20,
    0x3, 0xf1, 0x0, 0x4f, 0x40,

    /* U+04DD "ӝ" */
    0x0, 0xb, 0x70, 0xb6, 0x0, 0x0, 0x0, 0x53,
    0x5, 0x20, 0x0, 0x0, 0x0, 0x0, 0x0, 0x0,
    0x4, 0xf3, 0x4, 0xf0, 0x9, 0xe0, 0x9, 0xd0,
    0x4f, 0x3, 0xf4, 0x0, 0xd, 0x84, 0xf0, 0xd9,
    0x0, 0x0, 0x5f, 0xff, 0xff, 0x0, 0x0, 0xc,
    0xa6, 0xf3, 0xe7, 0x0, 0x6, 0xf2, 0x4f, 0x6,
    0xf1, 0x0, 0xe8, 0x4, 0xf0, 0xd, 0xa0, 0x9f,
    0x10, 0x4f, 0x0, 0x5f, 0x30,

    /* U+04DE "Ӟ" */
    0x0, 0x61, 0x6, 0x10, 0x0, 0xd4, 0xe, 0x30,
    0x0, 0x0, 0x0, 0x0, 0x1, 0xae, 0xec, 0x30,
    0xd, 0xc4, 0x39, 0xf2, 0x3f, 0x20, 0x0, 0xd7,
    0x0, 0x0, 0x0, 0xc8, 0x0, 0x0, 0x5, 0xf2,
    0x0, 0xf, 0xff, 0x60, 0x0, 0x2, 0x37, 0xf4,
    0x0, 0x0, 0x0, 0xaa, 0x6f, 0x0, 0x0, 0xb9,
    0x1e, 0xb3, 0x28, 0xf4, 0x2, 0xbf, 0xfc, 0x40,

    /* U+04DF "ӟ" */
    0x7, 0xa0, 0x89, 0x0, 0x34, 0x3, 0x40, 0x0,
    0x0, 0x0, 0x0, 0x5d, 0xfd, 0x60, 0x2f, 0x61,
    0x5f, 0x20, 0x10, 0x2, 0xf2, 0x0, 0xaf, 0xf8,
    0x0, 0x1, 0x26, 0xf2, 0x38, 0x0, 0xe, 0x62,
    0xf7, 0x16, 0xf2, 0x4, 0xdf, 0xd5, 0x0,

    /* U+04E0 "Ӡ" */
    0xf, 0xff, 0xff, 0xf0, 0x2, 0x22, 0x2d, 0x90,
    0x0, 0x0, 0x7e, 0x0, 0x0, 0x3, 0xf4, 0x0,
    0x0, 0xd, 0x90, 0x0, 0x0, 0x3f, 0xea, 0x20,
    0x0, 0x1, 0x3b, 0xd0, 0x0, 0x0, 0x1, 0xf3,
    0x3f, 0x20, 0x1, 0xf3, 0xe, 0xb3, 0x3b, 0xd0,
    0x2, 0xbf, 0xea, 0x20,

    /* U+04E1 "ӡ" */
    0xf, 0xff, 0xff, 0xf0, 0x1, 0x11, 0x2e, 0x70,
    0x0, 0x0, 0xbb, 0x0, 0x0, 0x7, 0xe1, 0x0,
    0x0, 0x2f, 0x91, 0x0, 0x0, 0x2a, 0xcf, 0x60,
    0x0, 0x0, 0x6, 0xf0, 0x2, 0x0, 0x0, 0xf3,
    0x3f, 0x10, 0x1, 0xf2, 0xd, 0xb3, 0x3c, 0xc0,
    0x1, 0xbf, 0xea, 0x10,

    /* U+04E2 "Ӣ" */
    0x5, 0xee, 0xee, 0x70, 0x0, 0x11, 0x11, 0x0,
    0xc8, 0x0, 0x0, 0xdc, 0xc8, 0x0, 0x6, 0xfc,
    0xc8, 0x0, 0x1e, 0xec, 0xc8, 0x0, 0x9d, 0x9c,
    0xc8, 0x2, 0xf4, 0x9c, 0xc8, 0xb, 0xb0, 0x9c,
    0xc8, 0x5f, 0x20, 0x9c, 0xc8, 0xd8, 0x0, 0x9c,
    0xce, 0xe0, 0x0, 0x9c, 0xcf, 0x60, 0x0, 0x9c,
    0xcc, 0x0, 0x0, 0x9c,

    /* U+04E3 "ӣ" */
    0x6f, 0xff, 0xf8, 0x0, 0x0, 0x0, 0x0, 0x0,
    0x0, 0xf5, 0x0, 0x8f, 0xf5, 0x2, 0xff, 0xf5,
    0xb, 0xcf, 0xf5, 0x4e, 0x4f, 0xf5, 0xd6, 0x4f,
    0xfc, 0xc0, 0x4f, 0xff, 0x30, 0x4f, 0xf9, 0x0,
    0x4f,

    /* U+04E4 "Ӥ" */
    0x1, 0xe2, 0x2e, 0x20, 0x0, 0x60, 0x6, 0x0,
    0xc8, 0x0, 0x0, 0xdc, 0xc8, 0x0, 0x6, 0xfc,
    0xc8, 0x0, 0x1e, 0xec, 0xc8, 0x0, 0x9d, 0x9c,
    0xc8, 0x2, 0xf4, 0x9c, 0xc8, 0xb, 0xb0, 0x9c,
    0xc8, 0x5f, 0x20, 0x9c, 0xc8, 0xd8, 0x0, 0x9c,
    0xce, 0xe0, 0x0, 0x9c, 0xcf, 0x60, 0x0, 0x9c,
    0xcc, 0x0, 0x0, 0x9c,

    /* U+04E5 "ӥ" */
    0x1e, 0x31, 0xe2, 0x6, 0x10, 0x60, 0x0, 0x0,
    0x0, 0xf5, 0x0, 0x8f, 0xf5, 0x2, 0xff, 0xf5,
    0xb, 0xcf, 0xf5, 0x4e, 0x4f, 0xf5, 0xd6, 0x4f,
    0xfc, 0xc0, 0x4f, 0xff, 0x30, 0x4f, 0xf9, 0x0,
    0x4f,

    /* U+04E6 "Ӧ" */
    0x0, 0x3e, 0x4, 0xd0, 0x0, 0x1, 0x60, 0x16,
    0x0, 0x0, 0x3b, 0xfe, 0x90, 0x0, 0x2f, 0x93,
    0x5d, 0xb0, 0xa, 0xb0, 0x0, 0x1f, 0x40, 0xf5,
    0x0, 0x0, 0xb9, 0x2f, 0x20, 0x0, 0x9, 0xc2,
    0xf1, 0x0, 0x0, 0x8c, 0x2f, 0x20, 0x0, 0x9,
    0xc0, 0xf5, 0x0, 0x0, 0xb9, 0xa, 0xb0, 0x0,
    0x1f, 0x50, 0x2f, 0x93, 0x5d, 0xc0, 0x0, 0x3b,
    0xfe, 0x90, 0x0,

    /* U+04E7 "ӧ" */
    0x2, 0xe1, 0x3e, 0x10, 0x0, 0x60, 0x16, 0x0,
    0x0, 0x0, 0x0, 0x0, 0x0, 0x9e, 0xf9, 0x0,
    0xb, 0xc3, 0x3d, 0xa0, 0x2f, 0x20, 0x3, 0xf1,
    0x5f, 0x0, 0x0, 0xf4, 0x4f, 0x0, 0x0, 0xf5,
    0x2f, 0x20, 0x3, 0xf2, 0xa, 0xc3, 0x3d, 0xa0,
    0x0, 0xaf, 0xe9, 0x0,

    /* U+04E8 "Ө" */
    0x0, 0x3c, 0xfe, 0x80, 0x0, 0x3f, 0x83, 0x6e,
    0xa0, 0xc, 0xa0, 0x0, 0x3f, 0x31, 0xf3, 0x0,
    0x0, 0xd8, 0x3f, 0x10, 0x0, 0xa, 0xa4, 0xff,
    0xff, 0xff, 0xfb, 0x3f, 0x32, 0x22, 0x2b, 0xa1,
    0xf3, 0x0, 0x0, 0xc8, 0xc, 0x90, 0x0, 0x2f,
    0x30, 0x3f, 0x93, 0x5e, 0xa0, 0x0, 0x4c, 0xfe,
    0x80, 0x0,

    /* U+04E9 "ө" */
    0x0, 0x9e, 0xe9, 0x0, 0xb, 0xb3, 0x3c, 0xa0,
    0x2f, 0x10, 0x1, 0xf1, 0x5f, 0xff, 0xff, 0xf4,
    0x4f, 0x22, 0x22, 0xf5, 0x2f, 0x30, 0x4, 0xf2,
    0xa, 0xd3, 0x3d, 0xb0, 0x0, 0xaf, 0xe9, 0x0,

    /* U+04EA "Ӫ" */
    0x0, 0x4d, 0x5, 0xc0, 0x0, 0x1, 0x60, 0x25,
    0x0, 0x0, 0x3c, 0xfe, 0x80, 0x0, 0x3f, 0x83,
    0x6e, 0xa0, 0xc, 0xa0, 0x0, 0x3f, 0x31, 0xf3,
    0x0, 0x0, 0xd8, 0x3f, 0x10, 0x0, 0xa, 0xa4,
    0xff, 0xff, 0xff, 0xfb, 0x3f, 0x32, 0x22, 0x2b,
    0xa1, 0xf3, 0x0, 0x0, 0xc8, 0xc, 0x90, 0x0,
    0x2f, 0x30, 0x3f, 0x93, 0x5e, 0xa0, 0x0, 0x4c,
    0xfe, 0x80, 0x0,

    /* U+04EB "ӫ" */
    0x3, 0xe0, 0x4d, 0x0, 0x1, 0x60, 0x16, 0x0,
    0x0, 0x0, 0x0, 0x0, 0x0, 0x9e, 0xe9, 0x0,
    0xb, 0xb3, 0x3c, 0xa0, 0x2f, 0x10, 0x1, 0xf1,
    0x5f, 0xff, 0xff, 0xf4, 0x4f, 0x22, 0x22, 0xf5,
    0x2f, 0x30, 0x4, 0xf2, 0xa, 0xd3, 0x3d, 0xb0,
    0x0, 0xaf, 0xe9, 0x0,

    /* U+04EC "Ӭ" */
    0x1, 0x60, 0x25, 0x0, 0x5, 0xd0, 0x6c, 0x0,
    0x0, 0x0, 0x0, 0x0, 0x4, 0xcf, 0xd7, 0x0,
    0x3f, 0x72, 0x4e, 0x90, 0xba, 0x0, 0x3, 0xf3,
    0x94, 0x0, 0x0, 0xd7, 0x0, 0x0, 0x0, 0xba,
    0x0, 0x8f, 0xff, 0xfa, 0x0, 0x12, 0x22, 0xca,
    0x73, 0x0, 0x0, 0xd8, 0xb9, 0x0, 0x3, 0xf3,
    0x4f, 0x72, 0x4e, 0xa0, 0x4, 0xcf, 0xe8, 0x0,

    /* U+04ED "ӭ" */
    0x4, 0xd0, 0x5c, 0x0, 0x16, 0x2, 0x50, 0x0,
    0x0, 0x0, 0x0, 0x3c, 0xfd, 0x40, 0x1f, 0x72,
    0x6f, 0x21, 0x50, 0x0, 0xa8, 0x0, 0x4f, 0xff,
    0xb0, 0x0, 0x22, 0xab, 0x3f, 0x0, 0xc, 0x90,
    0xd9, 0x27, 0xf2, 0x2, 0xcf, 0xd4, 0x0,

    /* U+04EE "Ӯ" */
    0x0, 0xee, 0xee, 0xd0, 0x0, 0x1, 0x11, 0x11,
    0x0, 0x4f, 0x30, 0x0, 0x5f, 0x30, 0xda, 0x0,
    0xb, 0xc0, 0x6, 0xf1, 0x1, 0xf6, 0x0, 0xf,
    0x70, 0x7f, 0x10, 0x0, 0x9e, 0xd, 0xa0, 0x0,
    0x2, 0xf7, 0xf3, 0x0, 0x0, 0xb, 0xfd, 0x0,
    0x0, 0x0, 0x4f, 0x70, 0x0, 0x0, 0x4, 0xf1,
    0x0, 0x0, 0x3, 0xca, 0x0, 0x0, 0x3, 0xfb,
    0x10, 0x0, 0x0,

    /* U+04EF "ӯ" */
    0xf, 0xff, 0xff, 0x0, 0x0, 0x0, 0x0, 0x0,
    0x0, 0x0, 0xa, 0xa0, 0x1, 0xf4, 0x5f, 0x0,
    0x5e, 0x0, 0xf5, 0xa, 0xa0, 0xa, 0xa0, 0xe4,
    0x0, 0x5e, 0x3f, 0x0, 0x0, 0xfc, 0xa0, 0x0,
    0xa, 0xf5, 0x0, 0x0, 0x4f, 0x0, 0x0, 0x7,
    0xa0, 0x0, 0x14, 0xe4, 0x0, 0x6, 0xf8, 0x0,
    0x0,

    /* U+04F0 "Ӱ" */
    0x0, 0x98, 0xa, 0x70, 0x0, 0x4, 0x30, 0x43,
    0x0, 0x4f, 0x30, 0x0, 0x5f, 0x30, 0xda, 0x0,
    0xb, 0xc0, 0x6, 0xf1, 0x1, 0xf6, 0x0, 0xf,
    0x70, 0x7f, 0x10, 0x0, 0x9e, 0xd, 0xa0, 0x0,
    0x2, 0xf7, 0xf3, 0x0, 0x0, 0xb, 0xfd, 0x0,
    0x0, 0x0, 0x4f, 0x70, 0x0, 0x0, 0x4, 0xf1,
    0x0, 0x0, 0x3, 0xca, 0x0, 0x0, 0x3, 0xfb,
    0x10, 0x0, 0x0,

    /* U+04F1 "ӱ" */
    0x8, 0x90, 0x98, 0x0, 0x34, 0x4, 0x30, 0x0,
    0x0, 0x0, 0xa, 0xa0, 0x1, 0xf4, 0x5f, 0x0,
    0x5e, 0x0, 0xf5, 0xa, 0xa0, 0xa, 0xa0, 0xe4,
    0x0, 0x5e, 0x3f, 0x0, 0x0, 0xfc, 0xa0, 0x0,
    0xa, 0xf5, 0x0, 0x0, 0x4f, 0x0, 0x0, 0x7,
    0xa0, 0x0, 0x14, 0xe4, 0x0, 0x6, 0xf8, 0x0,
    0x0,

    /* U+04F2 "Ӳ" */
    0x0, 0x6, 0xd3, 0xf3, 0x0, 0x0, 0xd4, 0xd5,
    0x0, 0x0, 0x2, 0x2, 0x0, 0x4, 0xf3, 0x0,
    0x5, 0xf3, 0xd, 0xa0, 0x0, 0xbc, 0x0, 0x6f,
    0x10, 0x1f, 0x60, 0x0, 0xf7, 0x7, 0xf1, 0x0,
    0x9, 0xe0, 0xda, 0x0, 0x0, 0x2f, 0x7f, 0x30,
    0x0, 0x0, 0xbf, 0xd0, 0x0, 0x0, 0x4, 0xf7,
    0x0, 0x0, 0x0, 0x4f, 0x10, 0x0, 0x0, 0x3c,
    0xa0, 0x0, 0x0, 0x3f, 0xb1, 0x0, 0x0,

    /* U+04F3 "ӳ" */
    0x0, 0x3, 0x2, 0x10, 0x6, 0xc4, 0xe2, 0x0,
    0xe3, 0xd4, 0x0, 0x0, 0x0, 0x0, 0xaa, 0x0,
    0x1f, 0x45, 0xf0, 0x5, 0xe0, 0xf, 0x50, 0xaa,
    0x0, 0xaa, 0xe, 0x40, 0x5, 0xe3, 0xf0, 0x0,
    0xf, 0xca, 0x0, 0x0, 0xaf, 0x50, 0x0, 0x4,
    0xf0, 0x0, 0x0, 0x7a, 0x0, 0x1, 0x4e, 0x40,
    0x0, 0x6f, 0x80, 0x0, 0x0,

    /* U+04F4 "Ӵ" */
    0x5, 0xd0, 0x6c, 0x0, 0x2, 0x50, 0x25, 0x0,
    0xf5, 0x0, 0x0, 0xf6, 0xf5, 0x0, 0x0, 0xf6,
    0xf5, 0x0, 0x0, 0xf6, 0xf5, 0x0, 0x0, 0xf6,
    0xd7, 0x0, 0x0, 0xf6, 0x9d, 0x20, 0x14, 0xf6,
    0x1b, 0xff, 0xfe, 0xf6, 0x0, 0x2, 0x10, 0xf6,
    0x0, 0x0, 0x0, 0xf6, 0x0, 0x0, 0x0, 0xf6,
    0x0, 0x0, 0x0, 0xf6,

    /* U+04F5 "ӵ" */
    0x7, 0xb0, 0x8a, 0x0, 0x35, 0x3, 0x40, 0x0,
    0x0, 0x0, 0x4, 0xf0, 0x0, 0xb8, 0x4f, 0x0,
    0xb, 0x84, 0xf0, 0x0, 0xb8, 0x1f, 0x60, 0x1c,
    0x80, 0x6f, 0xff, 0xf8, 0x0, 0x1, 0xb, 0x80,
    0x0, 0x0, 0xb8, 0x0, 0x0, 0xb, 0x80,

    /* U+04F6 "Ӷ" */
    0xcf, 0xff, 0xff, 0x5c, 0x92, 0x22, 0x20, 0xc8,
    0x0, 0x0, 0xc, 0x80, 0x0, 0x0, 0xc8, 0x0,
    0x0, 0xc, 0x80, 0x0, 0x0, 0xc8, 0x0, 0x0,
    0xc, 0x80, 0x0, 0x0, 0xc8, 0x0, 0x0, 0xc,
    0x91, 0x0, 0x0, 0xcf, 0x90, 0x0, 0x0, 0xa9,
    0x0, 0x0, 0xa, 0x90, 0x0, 0x0, 0x54, 0x0,
    0x0,

    /* U+04F7 "ӷ" */
    0xff, 0xff, 0xbf, 0x61, 0x11, 0xf5, 0x0, 0xf,
    0x50, 0x0, 0xf5, 0x0, 0xf, 0x50, 0x0, 0xf6,
    0x0, 0xf, 0xf7, 0x0, 0xd, 0x70, 0x0, 0xd7,
    0x0, 0x6, 0x30, 0x0,

    /* U+04F8 "Ӹ" */
    0x0, 0xe, 0x31, 0xe3, 0x0, 0x0, 0x6, 0x10,
    0x60, 0x0, 0xc8, 0x0, 0x0, 0x0, 0x7d, 0xc8,
    0x0, 0x0, 0x0, 0x7d, 0xc8, 0x0, 0x0, 0x0,
    0x7d, 0xc8, 0x0, 0x0, 0x0, 0x7d, 0xc8, 0x0,
    0x0, 0x0, 0x7d, 0xcf, 0xff, 0xea, 0x20, 0x7d,
    0xc9, 0x22, 0x3b, 0xd0, 0x7d, 0xc8, 0x0, 0x1,
    0xf3, 0x7d, 0xc8, 0x0, 0x1, 0xf3, 0x7d, 0xc9,
    0x22, 0x3b, 0xd0, 0x7d, 0xcf, 0xff, 0xeb, 0x20,
    0x7d,

    /* U+04F9 "ӹ" */
    0x0, 0xa8, 0xb, 0x70, 0x0, 0x4, 0x30, 0x53,
    0x0, 0x0, 0x0, 0x0, 0x0, 0xe, 0x50, 0x0,
    0x0, 0xaa, 0xe5, 0x0, 0x0, 0xa, 0xae, 0x50,
    0x0, 0x0, 0xaa, 0xef, 0xfe, 0xa1, 0xa, 0xae,
    0x62, 0x3b, 0xb0, 0xaa, 0xe5, 0x0, 0x5e, 0xa,
    0xae, 0x61, 0x2b, 0xb0, 0xaa, 0xef, 0xff, 0xb1,
    0xa, 0xa0,

    /* U+04FA "Ӻ" */
    0x5, 0xff, 0xff, 0xfc, 0x5, 0xf2, 0x22, 0x21,
    0x5, 0xf0, 0x0, 0x0, 0x5, 0xf0, 0x0, 0x0,
    0x9f, 0xff, 0xb0, 0x0, 0x17, 0xf2, 0x10, 0x0,
    0x5, 0xf0, 0x0, 0x0, 0x5, 0xf0, 0x0, 0x0,
    0x5, 0xf0, 0x0, 0x0, 0x5, 0xf1, 0x0, 0x0,
    0x5, 0xff, 0x10, 0x0, 0x0, 0x2f, 0x10, 0x0,
    0x2, 0x8e, 0x0, 0x0, 0xc, 0xe5, 0x0, 0x0,

    /* U+04FB "ӻ" */
    0x6, 0xff, 0xff, 0x40, 0x6d, 0x11, 0x10, 0x6,
    0xd0, 0x0, 0x9, 0xff, 0xfb, 0x0, 0x18, 0xf2,
    0x10, 0x0, 0x6d, 0x0, 0x0, 0x6, 0xe1, 0x0,
    0x0, 0x6f, 0xf0, 0x0, 0x0, 0x4f, 0x0, 0x0,
    0x29, 0xd0, 0x0, 0xe, 0xd4, 0x0, 0x0,

    /* U+04FC "Ӽ" */
    0x3f, 0x40, 0x0, 0x8f, 0x10, 0xad, 0x0, 0x2f,
    0x70, 0x2, 0xf7, 0xa, 0xd0, 0x0, 0x8, 0xf6,
    0xf5, 0x0, 0x0, 0xe, 0xfb, 0x0, 0x0, 0x0,
    0x8f, 0x50, 0x0, 0x0, 0x1e, 0xfc, 0x0, 0x0,
    0x9, 0xe3, 0xf5, 0x0, 0x2, 0xf6, 0x9, 0xe0,
    0x0, 0xbc, 0x0, 0x1e, 0x91, 0x5f, 0x30, 0x0,
    0x7f, 0xf0, 0x0, 0x0, 0x0, 0x6d, 0x0, 0x0,
    0x0, 0x3b, 0xa0, 0x0, 0x0, 0x1f, 0xc2,

    /* U+04FD "ӽ" */
    0x5f, 0x20, 0x3f, 0x40, 0xb, 0xa0, 0xca, 0x0,
    0x2, 0xf9, 0xf1, 0x0, 0x0, 0x8f, 0x60, 0x0,
    0x0, 0x8f, 0x70, 0x0, 0x2, 0xf7, 0xf1, 0x0,
    0xc, 0x90, 0xbb, 0x10, 0x6f, 0x10, 0x2f, 0xf3,
    0x0, 0x0, 0x1, 0xf2, 0x0, 0x0, 0x27, 0xf0,
    0x0, 0x0, 0xbe, 0x60,

    /* U+04FE "Ӿ" */
    0x4f, 0x40, 0x0, 0x7f, 0x10, 0xbc, 0x0, 0x1f,
    0x80, 0x2, 0xf5, 0x8, 0xe0, 0x0, 0x9, 0xd2,
    0xf6, 0x0, 0x0, 0x1f, 0xed, 0x0, 0x0, 0xb,
    0xff, 0xf9, 0x0, 0x0, 0x2e, 0xfc, 0x10, 0x0,
    0x7, 0xf5, 0xf4, 0x0, 0x2, 0xf6, 0xa, 0xd0,
    0x0, 0xbd, 0x0, 0x1f, 0x70, 0x4f, 0x30, 0x0,
    0x7f, 0x20,

    /* U+04FF "ӿ" */
    0x4f, 0x20, 0x3f, 0x30, 0xab, 0xd, 0x80, 0x1,
    0xeb, 0xd0, 0x0, 0xaf, 0xff, 0xa0, 0x1, 0xcf,
    0xb1, 0x0, 0x4f, 0x4f, 0x30, 0xd, 0x80, 0x9c,
    0x6, 0xf1, 0x1, 0xf5
};


/*---------------------
 *  GLYPH DESCRIPTION
 *--------------------*/

static const lv_font_fmt_txt_glyph_dsc_t glyph_dsc[] = {
    {.bitmap_index = 0, .adv_w = 0, .box_w = 0, .box_h = 0, .ofs_x = 0, .ofs_y = 0} /* id = 0 reserved */,
    {.bitmap_index = 0, .adv_w = 55, .box_w = 0, .box_h = 0, .ofs_x = 0, .ofs_y = 0},
    {.bitmap_index = 0, .adv_w = 58, .box_w = 2, .box_h = 11, .ofs_x = 1, .ofs_y = 0},
    {.bitmap_index = 11, .adv_w = 72, .box_w = 4, .box_h = 4, .ofs_x = 0, .ofs_y = 7},
    {.bitmap_index = 19, .adv_w = 138, .box_w = 9, .box_h = 11, .ofs_x = 0, .ofs_y = 0},
    {.bitmap_index = 69, .adv_w = 126, .box_w = 8, .box_h = 14, .ofs_x = 0, .ofs_y = -2},
    {.bitmap_index = 125, .adv_w = 164, .box_w = 10, .box_h = 11, .ofs_x = 0, .ofs_y = 0},
    {.bitmap_index = 180, .adv_w = 139, .box_w = 9, .box_h = 11, .ofs_x = 0, .ofs_y = 0},
    {.bitmap_index = 230, .adv_w = 39, .box_w = 2, .box_h = 4, .ofs_x = 0, .ofs_y = 7},
    {.bitmap_index = 234, .adv_w = 77, .box_w = 5, .box_h = 16, .ofs_x = 0, .ofs_y = -4},
    {.bitmap_index = 274, .adv_w = 78, .box_w = 4, .box_h = 16, .ofs_x = 0, .ofs_y = -4},
    {.bitmap_index = 306, .adv_w = 96, .box_w = 6, .box_h = 7, .ofs_x = 0, .ofs_y = 4},
    {.bitmap_index = 327, .adv_w = 127, .box_w = 8, .box_h = 8, .ofs_x = 0, .ofs_y = 1},
    {.bitmap_index = 359, .adv_w = 44, .box_w = 3, .box_h = 4, .ofs_x = 0, .ofs_y = -2},
    {.bitmap_index = 365, .adv_w = 62, .box_w = 4, .box_h = 2, .ofs_x = 0, .ofs_y = 3},
    {.bitmap_index = 369, .adv_w = 59, .box_w = 3, .box_h = 2, .ofs_x = 0, .ofs_y = 0},
    {.bitmap_index = 372, .adv_w = 92, .box_w = 6, .box_h = 12, .ofs_x = 0, .ofs_y = -1},
    {.bitmap_index = 408, .adv_w = 126, .box_w = 8, .box_h = 11, .ofs_x = 0, .ofs_y = 0},
    {.bitmap_index = 452, .adv_w = 126, .box_w = 4, .box_h = 11, .ofs_x = 1, .ofs_y = 0},
    {.bitmap_index = 474, .adv_w = 126, .box_w = 8, .box_h = 11, .ofs_x = 0, .ofs_y = 0},
    {.bitmap_index = 518, .adv_w = 126, .box_w = 7, .box_h = 11, .ofs_x = 0, .ofs_y = 0},
    {.bitmap_index = 557, .adv_w = 126, .box_w = 8, .box_h = 11, .ofs_x = 0, .ofs_y = 0},
    {.bitmap_index = 601, .adv_w = 126, .box_w = 7, .box_h = 11, .ofs_x = 1, .ofs_y = 0},
    {.bitmap_index = 640, .adv_w = 126, .box_w = 8, .box_h = 11, .ofs_x = 0, .ofs_y = 0},
    {.bitmap_index = 684, .adv_w = 126, .box_w = 8, .box_h = 11, .ofs_x = 0, .ofs_y = 0},
    {.bitmap_index = 728, .adv_w = 126, .box_w = 8, .box_h = 11, .ofs_x = 0, .ofs_y = 0},
    {.bitmap_index = 772, .adv_w = 126, .box_w = 7, .box_h = 11, .ofs_x = 0, .ofs_y = 0},
    {.bitmap_index = 811, .adv_w = 54, .box_w = 3, .box_h = 8, .ofs_x = 0, .ofs_y = 0},
    {.bitmap_index = 823, .adv_w = 47, .box_w = 3, .box_h = 10, .ofs_x = 0, .ofs_y = -2},
    {.bitmap_index = 838, .adv_w = 114, .box_w = 7, .box_h = 7, .ofs_x = 0, .ofs_y = 1},
    {.bitmap_index = 863, .adv_w = 123, .box_w = 6, .box_h = 5, .ofs_x = 1, .ofs_y = 2},
    {.bitmap_index = 878, .adv_w = 117, .box_w = 7, .box_h = 7, .ofs_x = 0, .ofs_y = 1},
    {.bitmap_index = 903, .adv_w = 106, .box_w = 7, .box_h = 11, .ofs_x = 0, .ofs_y = 0},
    {.bitmap_index = 942, .adv_w = 201, .box_w = 12, .box_h = 14, .ofs_x = 0, .ofs_y = -3},
    {.bitmap_index = 1026, .adv_w = 146, .box_w = 9, .box_h = 11, .ofs_x = 0, .ofs_y = 0},
    {.bitmap_index = 1076, .adv_w = 139, .box_w = 7, .box_h = 11, .ofs_x = 1, .ofs_y = 0},
    {.bitmap_index = 1115, .adv_w = 146, .box_w = 9, .box_h = 11, .ofs_x = 0, .ofs_y = 0},
    {.bitmap_index = 1165, .adv_w = 147, .box_w = 8, .box_h = 11, .ofs_x = 1, .ofs_y = 0},
    {.bitmap_index = 1209, .adv_w = 127, .box_w = 7, .box_h = 11, .ofs_x = 1, .ofs_y = 0},
    {.bitmap_index = 1248, .adv_w = 124, .box_w = 7, .box_h = 11, .ofs_x = 1, .ofs_y = 0},
    {.bitmap_index = 1287, .adv_w = 153, .box_w = 9, .box_h = 11, .ofs_x = 0, .ofs_y = 0},
    {.bitmap_index = 1337, .adv_w = 160, .box_w = 8, .box_h = 11, .ofs_x = 1, .ofs_y = 0},
    {.bitmap_index = 1381, .adv_w = 61, .box_w = 2, .box_h = 11, .ofs_x = 1, .ofs_y = 0},
    {.bitmap_index = 1392, .adv_w = 124, .box_w = 7, .box_h = 11, .ofs_x = 0, .ofs_y = 0},
    {.bitmap_index = 1431, .adv_w = 140, .box_w = 8, .box_h = 11, .ofs_x = 1, .ofs_y = 0},
    {.bitmap_index = 1475, .adv_w = 121, .box_w = 7, .box_h = 11, .ofs_x = 1, .ofs_y = 0},
    {.bitmap_index = 1514, .adv_w = 196, .box_w = 11, .box_h = 11, .ofs_x = 1, .ofs_y = 0},
    {.bitmap_index = 1575, .adv_w = 160, .box_w = 8, .box_h = 11, .ofs_x = 1, .ofs_y = 0},
    {.bitmap_index = 1619, .adv_w = 154, .box_w = 9, .box_h = 11, .ofs_x = 0, .ofs_y = 0},
    {.bitmap_index = 1669, .adv_w = 141, .box_w = 8, .box_h = 11, .ofs_x = 1, .ofs_y = 0},
    {.bitmap_index = 1713, .adv_w = 154, .box_w = 9, .box_h = 13, .ofs_x = 0, .ofs_y = -2},
    {.bitmap_index = 1772, .adv_w = 138, .box_w = 8, .box_h = 11, .ofs_x = 1, .ofs_y = 0},
    {.bitmap_index = 1816, .adv_w = 133, .box_w = 8, .box_h = 11, .ofs_x = 0, .ofs_y = 0},
    {.bitmap_index = 1860, .adv_w = 134, .box_w = 9, .box_h = 11, .ofs_x = 0, .ofs_y = 0},
    {.bitmap_index = 1910, .adv_w = 145, .box_w = 9, .box_h = 11, .ofs_x = 0, .ofs_y = 0},
    {.bitmap_index = 1960, .adv_w = 143, .box_w = 9, .box_h = 11, .ofs_x = 0, .ofs_y = 0},
    {.bitmap_index = 2010, .adv_w = 199, .box_w = 13, .box_h = 11, .ofs_x = 0, .ofs_y = 0},
    {.bitmap_index = 2082, .adv_w = 140, .box_w = 9, .box_h = 11, .ofs_x = 0, .ofs_y = 0},
    {.bitmap_index = 2132, .adv_w = 135, .box_w = 9, .box_h = 11, .ofs_x = 0, .ofs_y = 0},
    {.bitmap_index = 2182, .adv_w = 134, .box_w = 8, .box_h = 11, .ofs_x = 0, .ofs_y = 0},
    {.bitmap_index = 2226, .adv_w = 59, .box_w = 3, .box_h = 15, .ofs_x = 1, .ofs_y = -3},
    {.bitmap_index = 2249, .adv_w = 92, .box_w = 6, .box_h = 12, .ofs_x = 0, .ofs_y = -1},
    {.bitmap_index = 2285, .adv_w = 59, .box_w = 3, .box_h = 15, .ofs_x = 0, .ofs_y = -3},
    {.bitmap_index = 2308, .adv_w = 94, .box_w = 6, .box_h = 6, .ofs_x = 0, .ofs_y = 5},
    {.bitmap_index = 2326, .adv_w = 101, .box_w = 7, .box_h = 2, .ofs_x = 0, .ofs_y = -2},
    {.bitmap_index = 2333, .adv_w = 69, .box_w = 4, .box_h = 2, .ofs_x = 0, .ofs_y = 9},
    {.bitmap_index = 2337, .adv_w = 122, .box_w = 7, .box_h = 8, .ofs_x = 0, .ofs_y = 0},
    {.bitmap_index = 2365, .adv_w = 126, .box_w = 8, .box_h = 11, .ofs_x = 0, .ofs_y = 0},
    {.bitmap_index = 2409, .adv_w = 117, .box_w = 7, .box_h = 8, .ofs_x = 0, .ofs_y = 0},
    {.bitmap_index = 2437, .adv_w = 126, .box_w = 7, .box_h = 11, .ofs_x = 0, .ofs_y = 0},
    {.bitmap_index = 2476, .adv_w = 119, .box_w = 7, .box_h = 8, .ofs_x = 0, .ofs_y = 0},
    {.bitmap_index = 2504, .adv_w = 78, .box_w = 5, .box_h = 11, .ofs_x = 0, .ofs_y = 0},
    {.bitmap_index = 2532, .adv_w = 126, .box_w = 7, .box_h = 11, .ofs_x = 0, .ofs_y = -3},
    {.bitmap_index = 2571, .adv_w = 123, .box_w = 7, .box_h = 11, .ofs_x = 0, .ofs_y = 0},
    {.bitmap_index = 2610, .adv_w = 54, .box_w = 3, .box_h = 11, .ofs_x = 0, .ofs_y = 0},
    {.bitmap_index = 2627, .adv_w = 53, .box_w = 4, .box_h = 14, .ofs_x = -1, .ofs_y = -3},
    {.bitmap_index = 2655, .adv_w = 114, .box_w = 8, .box_h = 11, .ofs_x = 0, .ofs_y = 0},
    {.bitmap_index = 2699, .adv_w = 54, .box_w = 2, .box_h = 11, .ofs_x = 1, .ofs_y = 0},
    {.bitmap_index = 2710, .adv_w = 196, .box_w = 12, .box_h = 8, .ofs_x = 0, .ofs_y = 0},
    {.bitmap_index = 2758, .adv_w = 124, .box_w = 7, .box_h = 8, .ofs_x = 0, .ofs_y = 0},
    {.bitmap_index = 2786, .adv_w = 128, .box_w = 8, .box_h = 8, .ofs_x = 0, .ofs_y = 0},
    {.bitmap_index = 2818, .adv_w = 126, .box_w = 8, .box_h = 11, .ofs_x = 0, .ofs_y = -3},
    {.bitmap_index = 2862, .adv_w = 127, .box_w = 7, .box_h = 11, .ofs_x = 0, .ofs_y = -3},
    {.bitmap_index = 2901, .adv_w = 76, .box_w = 5, .box_h = 9, .ofs_x = 0, .ofs_y = 0},
    {.bitmap_index = 2924, .adv_w = 116, .box_w = 7, .box_h = 8, .ofs_x = 0, .ofs_y = 0},
    {.bitmap_index = 2952, .adv_w = 73, .box_w = 5, .box_h = 10, .ofs_x = 0, .ofs_y = 0},
    {.bitmap_index = 2977, .adv_w = 123, .box_w = 7, .box_h = 8, .ofs_x = 0, .ofs_y = 0},
    {.bitmap_index = 3005, .adv_w = 109, .box_w = 7, .box_h = 8, .ofs_x = 0, .ofs_y = 0},
    {.bitmap_index = 3033, .adv_w = 168, .box_w = 11, .box_h = 8, .ofs_x = 0, .ofs_y = 0},
    {.bitmap_index = 3077, .adv_w = 111, .box_w = 7, .box_h = 8, .ofs_x = 0, .ofs_y = 0},
    {.bitmap_index = 3105, .adv_w = 106, .box_w = 7, .box_h = 11, .ofs_x = 0, .ofs_y = -3},
    {.bitmap_index = 3144, .adv_w = 111, .box_w = 7, .box_h = 8, .ofs_x = 0, .ofs_y = 0},
    {.bitmap_index = 3172, .adv_w = 76, .box_w = 5, .box_h = 15, .ofs_x = 0, .ofs_y = -3},
    {.bitmap_index = 3210, .adv_w = 55, .box_w = 2, .box_h = 13, .ofs_x = 1, .ofs_y = -2},
    {.bitmap_index = 3223, .adv_w = 76, .box_w = 5, .box_h = 15, .ofs_x = 0, .ofs_y = -3},
    {.bitmap_index = 3261, .adv_w = 152, .box_w = 9, .box_h = 4, .ofs_x = 0, .ofs_y = 2},
    {.bitmap_index = 3279, .adv_w = 127, .box_w = 7, .box_h = 14, .ofs_x = 1, .ofs_y = 0},
    {.bitmap_index = 3328, .adv_w = 127, .box_w = 7, .box_h = 13, .ofs_x = 1, .ofs_y = 0},
    {.bitmap_index = 3374, .adv_w = 168, .box_w = 10, .box_h = 11, .ofs_x = 0, .ofs_y = 0},
    {.bitmap_index = 3429, .adv_w = 125, .box_w = 7, .box_h = 14, .ofs_x = 1, .ofs_y = 0},
    {.bitmap_index = 3478, .adv_w = 151, .box_w = 9, .box_h = 11, .ofs_x = 0, .ofs_y = 0},
    {.bitmap_index = 3528, .adv_w = 133, .box_w = 8, .box_h = 11, .ofs_x = 0, .ofs_y = 0},
    {.bitmap_index = 3572, .adv_w = 61, .box_w = 2, .box_h = 11, .ofs_x = 1, .ofs_y = 0},
    {.bitmap_index = 3583, .adv_w = 61, .box_w = 6, .box_h = 13, .ofs_x = -1, .ofs_y = 0},
    {.bitmap_index = 3622, .adv_w = 124, .box_w = 7, .box_h = 11, .ofs_x = 0, .ofs_y = 0},
    {.bitmap_index = 3661, .adv_w = 240, .box_w = 15, .box_h = 11, .ofs_x = 0, .ofs_y = 0},
    {.bitmap_index = 3744, .adv_w = 242, .box_w = 14, .box_h = 11, .ofs_x = 1, .ofs_y = 0},
    {.bitmap_index = 3821, .adv_w = 182, .box_w = 11, .box_h = 11, .ofs_x = 0, .ofs_y = 0},
    {.bitmap_index = 3882, .adv_w = 140, .box_w = 8, .box_h = 14, .ofs_x = 1, .ofs_y = 0},
    {.bitmap_index = 3938, .adv_w = 160, .box_w = 8, .box_h = 14, .ofs_x = 1, .ofs_y = 0},
    {.bitmap_index = 3994, .adv_w = 141, .box_w = 9, .box_h = 14, .ofs_x = 0, .ofs_y = 0},
    {.bitmap_index = 4057, .adv_w = 160, .box_w = 8, .box_h = 14, .ofs_x = 1, .ofs_y = -3},
    {.bitmap_index = 4113, .adv_w = 146, .box_w = 9, .box_h = 11, .ofs_x = 0, .ofs_y = 0},
    {.bitmap_index = 4163, .adv_w = 141, .box_w = 8, .box_h = 11, .ofs_x = 1, .ofs_y = 0},
    {.bitmap_index = 4207, .adv_w = 139, .box_w = 7, .box_h = 11, .ofs_x = 1, .ofs_y = 0},
    {.bitmap_index = 4246, .adv_w = 125, .box_w = 7, .box_h = 11, .ofs_x = 1, .ofs_y = 0},
    {.bitmap_index = 4285, .adv_w = 168, .box_w = 11, .box_h = 14, .ofs_x = 0, .ofs_y = -3},
    {.bitmap_index = 4362, .adv_w = 127, .box_w = 7, .box_h = 11, .ofs_x = 1, .ofs_y = 0},
    {.bitmap_index = 4401, .adv_w = 203, .box_w = 13, .box_h = 11, .ofs_x = 0, .ofs_y = 0},
    {.bitmap_index = 4473, .adv_w = 133, .box_w = 8, .box_h = 11, .ofs_x = 0, .ofs_y = 0},
    {.bitmap_index = 4517, .adv_w = 160, .box_w = 8, .box_h = 11, .ofs_x = 1, .ofs_y = 0},
    {.bitmap_index = 4561, .adv_w = 160, .box_w = 8, .box_h = 13, .ofs_x = 1, .ofs_y = 0},
    {.bitmap_index = 4613, .adv_w = 144, .box_w = 8, .box_h = 11, .ofs_x = 1, .ofs_y = 0},
    {.bitmap_index = 4657, .adv_w = 158, .box_w = 9, .box_h = 11, .ofs_x = 0, .ofs_y = 0},
    {.bitmap_index = 4707, .adv_w = 196, .box_w = 11, .box_h = 11, .ofs_x = 1, .ofs_y = 0},
    {.bitmap_index = 4768, .adv_w = 160, .box_w = 8, .box_h = 11, .ofs_x = 1, .ofs_y = 0},
    {.bitmap_index = 4812, .adv_w = 154, .box_w = 9, .box_h = 11, .ofs_x = 0, .ofs_y = 0},
    {.bitmap_index = 4862, .adv_w = 160, .box_w = 8, .box_h = 11, .ofs_x = 1, .ofs_y = 0},
    {.bitmap_index = 4906, .adv_w = 141, .box_w = 8, .box_h = 11, .ofs_x = 1, .ofs_y = 0},
    {.bitmap_index = 4950, .adv_w = 146, .box_w = 9, .box_h = 11, .ofs_x = 0, .ofs_y = 0},
    {.bitmap_index = 5000, .adv_w = 134, .box_w = 9, .box_h = 11, .ofs_x = 0, .ofs_y = 0},
    {.bitmap_index = 5050, .adv_w = 141, .box_w = 9, .box_h = 11, .ofs_x = 0, .ofs_y = 0},
    {.bitmap_index = 5100, .adv_w = 173, .box_w = 11, .box_h = 12, .ofs_x = 0, .ofs_y = 0},
    {.bitmap_index = 5166, .adv_w = 140, .box_w = 9, .box_h = 11, .ofs_x = 0, .ofs_y = 0},
    {.bitmap_index = 5216, .adv_w = 164, .box_w = 9, .box_h = 14, .ofs_x = 1, .ofs_y = -3},
    {.bitmap_index = 5279, .adv_w = 153, .box_w = 8, .box_h = 11, .ofs_x = 1, .ofs_y = 0},
    {.bitmap_index = 5323, .adv_w = 211, .box_w = 11, .box_h = 11, .ofs_x = 1, .ofs_y = 0},
    {.bitmap_index = 5384, .adv_w = 217, .box_w = 12, .box_h = 14, .ofs_x = 1, .ofs_y = -3},
    {.bitmap_index = 5468, .adv_w = 170, .box_w = 11, .box_h = 11, .ofs_x = 0, .ofs_y = 0},
    {.bitmap_index = 5529, .adv_w = 194, .box_w = 10, .box_h = 11, .ofs_x = 1, .ofs_y = 0},
    {.bitmap_index = 5584, .adv_w = 141, .box_w = 8, .box_h = 11, .ofs_x = 1, .ofs_y = 0},
    {.bitmap_index = 5628, .adv_w = 151, .box_w = 8, .box_h = 11, .ofs_x = 1, .ofs_y = 0},
    {.bitmap_index = 5672, .adv_w = 200, .box_w = 11, .box_h = 11, .ofs_x = 1, .ofs_y = 0},
    {.bitmap_index = 5733, .adv_w = 143, .box_w = 8, .box_h = 11, .ofs_x = 0, .ofs_y = 0},
    {.bitmap_index = 5777, .adv_w = 122, .box_w = 7, .box_h = 8, .ofs_x = 0, .ofs_y = 0},
    {.bitmap_index = 5805, .adv_w = 124, .box_w = 8, .box_h = 12, .ofs_x = 0, .ofs_y = 0},
    {.bitmap_index = 5853, .adv_w = 128, .box_w = 7, .box_h = 8, .ofs_x = 1, .ofs_y = 0},
    {.bitmap_index = 5881, .adv_w = 94, .box_w = 5, .box_h = 8, .ofs_x = 1, .ofs_y = 0},
    {.bitmap_index = 5901, .adv_w = 135, .box_w = 8, .box_h = 11, .ofs_x = 0, .ofs_y = -3},
    {.bitmap_index = 5945, .adv_w = 119, .box_w = 7, .box_h = 8, .ofs_x = 0, .ofs_y = 0},
    {.bitmap_index = 5973, .adv_w = 172, .box_w = 11, .box_h = 8, .ofs_x = 0, .ofs_y = 0},
    {.bitmap_index = 6017, .adv_w = 114, .box_w = 7, .box_h = 8, .ofs_x = 0, .ofs_y = 0},
    {.bitmap_index = 6045, .adv_w = 129, .box_w = 6, .box_h = 8, .ofs_x = 1, .ofs_y = 0},
    {.bitmap_index = 6069, .adv_w = 129, .box_w = 6, .box_h = 11, .ofs_x = 1, .ofs_y = 0},
    {.bitmap_index = 6102, .adv_w = 121, .box_w = 7, .box_h = 8, .ofs_x = 1, .ofs_y = 0},
    {.bitmap_index = 6130, .adv_w = 130, .box_w = 8, .box_h = 8, .ofs_x = 0, .ofs_y = 0},
    {.bitmap_index = 6162, .adv_w = 166, .box_w = 9, .box_h = 8, .ofs_x = 1, .ofs_y = 0},
    {.bitmap_index = 6198, .adv_w = 129, .box_w = 6, .box_h = 8, .ofs_x = 1, .ofs_y = 0},
    {.bitmap_index = 6222, .adv_w = 128, .box_w = 8, .box_h = 8, .ofs_x = 0, .ofs_y = 0},
    {.bitmap_index = 6254, .adv_w = 129, .box_w = 6, .box_h = 8, .ofs_x = 1, .ofs_y = 0},
    {.bitmap_index = 6278, .adv_w = 126, .box_w = 8, .box_h = 11, .ofs_x = 0, .ofs_y = -3},
    {.bitmap_index = 6322, .adv_w = 117, .box_w = 7, .box_h = 8, .ofs_x = 0, .ofs_y = 0},
    {.bitmap_index = 6350, .adv_w = 108, .box_w = 7, .box_h = 8, .ofs_x = 0, .ofs_y = 0},
    {.bitmap_index = 6378, .adv_w = 106, .box_w = 7, .box_h = 11, .ofs_x = 0, .ofs_y = -3},
    {.bitmap_index = 6417, .adv_w = 162, .box_w = 10, .box_h = 14, .ofs_x = 0, .ofs_y = -3},
    {.bitmap_index = 6487, .adv_w = 111, .box_w = 7, .box_h = 8, .ofs_x = 0, .ofs_y = 0},
    {.bitmap_index = 6515, .adv_w = 133, .box_w = 7, .box_h = 11, .ofs_x = 1, .ofs_y = -3},
    {.bitmap_index = 6554, .adv_w = 122, .box_w = 7, .box_h = 8, .ofs_x = 0, .ofs_y = 0},
    {.bitmap_index = 6582, .adv_w = 181, .box_w = 10, .box_h = 8, .ofs_x = 1, .ofs_y = 0},
    {.bitmap_index = 6622, .adv_w = 185, .box_w = 12, .box_h = 11, .ofs_x = 0, .ofs_y = -3},
    {.bitmap_index = 6688, .adv_w = 139, .box_w = 9, .box_h = 8, .ofs_x = 0, .ofs_y = 0},
    {.bitmap_index = 6724, .adv_w = 174, .box_w = 9, .box_h = 8, .ofs_x = 1, .ofs_y = 0},
    {.bitmap_index = 6760, .adv_w = 122, .box_w = 6, .box_h = 8, .ofs_x = 1, .ofs_y = 0},
    {.bitmap_index = 6784, .adv_w = 120, .box_w = 7, .box_h = 8, .ofs_x = 0, .ofs_y = 0},
    {.bitmap_index = 6812, .adv_w = 183, .box_w = 10, .box_h = 8, .ofs_x = 1, .ofs_y = 0},
    {.bitmap_index = 6852, .adv_w = 123, .box_w = 7, .box_h = 8, .ofs_x = 0, .ofs_y = 0},
    {.bitmap_index = 6880, .adv_w = 119, .box_w = 7, .box_h = 12, .ofs_x = 0, .ofs_y = 0},
    {.bitmap_index = 6922, .adv_w = 119, .box_w = 7, .box_h = 11, .ofs_x = 0, .ofs_y = 0},
    {.bitmap_index = 6961, .adv_w = 123, .box_w = 8, .box_h = 15, .ofs_x = -1, .ofs_y = -3},
    {.bitmap_index = 7021, .adv_w = 94, .box_w = 5, .box_h = 11, .ofs_x = 1, .ofs_y = 0},
    {.bitmap_index = 7049, .adv_w = 120, .box_w = 7, .box_h = 8, .ofs_x = 0, .ofs_y = 0},
    {.bitmap_index = 7077, .adv_w = 116, .box_w = 7, .box_h = 8, .ofs_x = 0, .ofs_y = 0},
    {.bitmap_index = 7105, .adv_w = 54, .box_w = 3, .box_h = 11, .ofs_x = 0, .ofs_y = 0},
    {.bitmap_index = 7122, .adv_w = 55, .box_w = 5, .box_h = 11, .ofs_x = -1, .ofs_y = 0},
    {.bitmap_index = 7150, .adv_w = 53, .box_w = 4, .box_h = 14, .ofs_x = -1, .ofs_y = -3},
    {.bitmap_index = 7178, .adv_w = 190, .box_w = 12, .box_h = 8, .ofs_x = 0, .ofs_y = 0},
    {.bitmap_index = 7226, .adv_w = 193, .box_w = 11, .box_h = 8, .ofs_x = 1, .ofs_y = 0},
    {.bitmap_index = 7270, .adv_w = 127, .box_w = 8, .box_h = 12, .ofs_x = -1, .ofs_y = 0},
    {.bitmap_index = 7318, .adv_w = 121, .box_w = 7, .box_h = 11, .ofs_x = 1, .ofs_y = 0},
    {.bitmap_index = 7357, .adv_w = 129, .box_w = 6, .box_h = 11, .ofs_x = 1, .ofs_y = 0},
    {.bitmap_index = 7390, .adv_w = 106, .box_w = 7, .box_h = 14, .ofs_x = 0, .ofs_y = -3},
    {.bitmap_index = 7439, .adv_w = 129, .box_w = 6, .box_h = 11, .ofs_x = 1, .ofs_y = -3},
    {.bitmap_index = 7472, .adv_w = 197, .box_w = 11, .box_h = 11, .ofs_x = 1, .ofs_y = 0},
    {.bitmap_index = 7533, .adv_w = 173, .box_w = 10, .box_h = 8, .ofs_x = 0, .ofs_y = 0},
    {.bitmap_index = 7573, .adv_w = 141, .box_w = 10, .box_h = 11, .ofs_x = -1, .ofs_y = 0},
    {.bitmap_index = 7628, .adv_w = 121, .box_w = 8, .box_h = 12, .ofs_x = -1, .ofs_y = 0},
    {.bitmap_index = 7676, .adv_w = 201, .box_w = 11, .box_h = 11, .ofs_x = 1, .ofs_y = 0},
    {.bitmap_index = 7737, .adv_w = 167, .box_w = 9, .box_h = 8, .ofs_x = 1, .ofs_y = 0},
    {.bitmap_index = 7773, .adv_w = 135, .box_w = 9, .box_h = 11, .ofs_x = 0, .ofs_y = 0},
    {.bitmap_index = 7823, .adv_w = 120, .box_w = 8, .box_h = 8, .ofs_x = 0, .ofs_y = 0},
    {.bitmap_index = 7855, .adv_w = 197, .box_w = 12, .box_h = 11, .ofs_x = 1, .ofs_y = 0},
    {.bitmap_index = 7921, .adv_w = 169, .box_w = 10, .box_h = 8, .ofs_x = 1, .ofs_y = 0},
    {.bitmap_index = 7961, .adv_w = 191, .box_w = 10, .box_h = 11, .ofs_x = 1, .ofs_y = 0},
    {.bitmap_index = 8016, .adv_w = 165, .box_w = 9, .box_h = 8, .ofs_x = 1, .ofs_y = 0},
    {.bitmap_index = 8052, .adv_w = 252, .box_w = 14, .box_h = 11, .ofs_x = 1, .ofs_y = 0},
    {.bitmap_index = 8129, .adv_w = 219, .box_w = 12, .box_h = 8, .ofs_x = 1, .ofs_y = 0},
    {.bitmap_index = 8177, .adv_w = 116, .box_w = 7, .box_h = 18, .ofs_x = 0, .ofs_y = -4},
    {.bitmap_index = 8240, .adv_w = 108, .box_w = 7, .box_h = 16, .ofs_x = 0, .ofs_y = -4},
    {.bitmap_index = 8296, .adv_w = 155, .box_w = 9, .box_h = 11, .ofs_x = 0, .ofs_y = 0},
    {.bitmap_index = 8346, .adv_w = 157, .box_w = 10, .box_h = 12, .ofs_x = 0, .ofs_y = -4},
    {.bitmap_index = 8406, .adv_w = 152, .box_w = 9, .box_h = 11, .ofs_x = 0, .ofs_y = 0},
    {.bitmap_index = 8456, .adv_w = 127, .box_w = 8, .box_h = 8, .ofs_x = 0, .ofs_y = 0},
    {.bitmap_index = 8488, .adv_w = 141, .box_w = 9, .box_h = 11, .ofs_x = 0, .ofs_y = 0},
    {.bitmap_index = 8538, .adv_w = 112, .box_w = 8, .box_h = 8, .ofs_x = 0, .ofs_y = 0},
    {.bitmap_index = 8570, .adv_w = 141, .box_w = 9, .box_h = 13, .ofs_x = 0, .ofs_y = 0},
    {.bitmap_index = 8629, .adv_w = 112, .box_w = 9, .box_h = 11, .ofs_x = -1, .ofs_y = 0},
    {.bitmap_index = 8679, .adv_w = 260, .box_w = 17, .box_h = 14, .ofs_x = 0, .ofs_y = -3},
    {.bitmap_index = 8798, .adv_w = 234, .box_w = 15, .box_h = 11, .ofs_x = 0, .ofs_y = -3},
    {.bitmap_index = 8881, .adv_w = 152, .box_w = 9, .box_h = 13, .ofs_x = 0, .ofs_y = -1},
    {.bitmap_index = 8940, .adv_w = 127, .box_w = 8, .box_h = 10, .ofs_x = 0, .ofs_y = -1},
    {.bitmap_index = 8980, .adv_w = 196, .box_w = 11, .box_h = 14, .ofs_x = 1, .ofs_y = 0},
    {.bitmap_index = 9057, .adv_w = 172, .box_w = 10, .box_h = 11, .ofs_x = 0, .ofs_y = 0},
    {.bitmap_index = 9112, .adv_w = 197, .box_w = 11, .box_h = 13, .ofs_x = 1, .ofs_y = 0},
    {.bitmap_index = 9184, .adv_w = 173, .box_w = 10, .box_h = 11, .ofs_x = 0, .ofs_y = 0},
    {.bitmap_index = 9239, .adv_w = 145, .box_w = 9, .box_h = 14, .ofs_x = 0, .ofs_y = -3},
    {.bitmap_index = 9302, .adv_w = 120, .box_w = 7, .box_h = 11, .ofs_x = 0, .ofs_y = -3},
    {.bitmap_index = 9341, .adv_w = 140, .box_w = 8, .box_h = 10, .ofs_x = 0, .ofs_y = 0},
    {.bitmap_index = 9381, .adv_w = 0, .box_w = 6, .box_h = 3, .ofs_x = -7, .ofs_y = 8},
    {.bitmap_index = 9390, .adv_w = 0, .box_w = 6, .box_h = 2, .ofs_x = -7, .ofs_y = 9},
    {.bitmap_index = 9396, .adv_w = 0, .box_w = 3, .box_h = 3, .ofs_x = -5, .ofs_y = 9},
    {.bitmap_index = 9401, .adv_w = 0, .box_w = 3, .box_h = 3, .ofs_x = -5, .ofs_y = 9},
    {.bitmap_index = 9406, .adv_w = 0, .box_w = 14, .box_h = 14, .ofs_x = -11, .ofs_y = -3},
    {.bitmap_index = 9504, .adv_w = 0, .box_w = 14, .box_h = 14, .ofs_x = -11, .ofs_y = -3},
    {.bitmap_index = 9602, .adv_w = 160, .box_w = 9, .box_h = 16, .ofs_x = 1, .ofs_y = -3},
    {.bitmap_index = 9674, .adv_w = 129, .box_w = 8, .box_h = 14, .ofs_x = 1, .ofs_y = -3},
    {.bitmap_index = 9730, .adv_w = 141, .box_w = 10, .box_h = 11, .ofs_x = -1, .ofs_y = 0},
    {.bitmap_index = 9785, .adv_w = 121, .box_w = 8, .box_h = 12, .ofs_x = -1, .ofs_y = 0},
    {.bitmap_index = 9833, .adv_w = 143, .box_w = 8, .box_h = 11, .ofs_x = 1, .ofs_y = 0},
    {.bitmap_index = 9877, .adv_w = 127, .box_w = 8, .box_h = 11, .ofs_x = 0, .ofs_y = -3},
    {.bitmap_index = 9921, .adv_w = 123, .box_w = 7, .box_h = 13, .ofs_x = 1, .ofs_y = 0},
    {.bitmap_index = 9967, .adv_w = 100, .box_w = 6, .box_h = 10, .ofs_x = 0, .ofs_y = 0},
    {.bitmap_index = 9997, .adv_w = 125, .box_w = 8, .box_h = 11, .ofs_x = 0, .ofs_y = 0},
    {.bitmap_index = 10041, .adv_w = 94, .box_w = 7, .box_h = 8, .ofs_x = -1, .ofs_y = 0},
    {.bitmap_index = 10069, .adv_w = 136, .box_w = 7, .box_h = 14, .ofs_x = 1, .ofs_y = -3},
    {.bitmap_index = 10118, .adv_w = 113, .box_w = 7, .box_h = 11, .ofs_x = 0, .ofs_y = -3},
    {.bitmap_index = 10157, .adv_w = 203, .box_w = 14, .box_h = 14, .ofs_x = 0, .ofs_y = -3},
    {.bitmap_index = 10255, .adv_w = 172, .box_w = 11, .box_h = 11, .ofs_x = 0, .ofs_y = -3},
    {.bitmap_index = 10316, .adv_w = 133, .box_w = 8, .box_h = 14, .ofs_x = 0, .ofs_y = -3},
    {.bitmap_index = 10372, .adv_w = 114, .box_w = 7, .box_h = 11, .ofs_x = 0, .ofs_y = -3},
    {.bitmap_index = 10411, .adv_w = 144, .box_w = 9, .box_h = 14, .ofs_x = 1, .ofs_y = -3},
    {.bitmap_index = 10474, .adv_w = 121, .box_w = 7, .box_h = 11, .ofs_x = 1, .ofs_y = -3},
    {.bitmap_index = 10513, .adv_w = 141, .box_w = 8, .box_h = 11, .ofs_x = 1, .ofs_y = 0},
    {.bitmap_index = 10557, .adv_w = 126, .box_w = 7, .box_h = 8, .ofs_x = 1, .ofs_y = 0},
    {.bitmap_index = 10585, .adv_w = 146, .box_w = 10, .box_h = 11, .ofs_x = 0, .ofs_y = 0},
    {.bitmap_index = 10640, .adv_w = 116, .box_w = 9, .box_h = 12, .ofs_x = -1, .ofs_y = 0},
    {.bitmap_index = 10694, .adv_w = 183, .box_w = 12, .box_h = 11, .ofs_x = 0, .ofs_y = 0},
    {.bitmap_index = 10760, .adv_w = 154, .box_w = 10, .box_h = 8, .ofs_x = 0, .ofs_y = 0},
    {.bitmap_index = 10800, .adv_w = 160, .box_w = 9, .box_h = 14, .ofs_x = 1, .ofs_y = -3},
    {.bitmap_index = 10863, .adv_w = 129, .box_w = 8, .box_h = 11, .ofs_x = 1, .ofs_y = -3},
    {.bitmap_index = 10907, .adv_w = 219, .box_w = 13, .box_h = 11, .ofs_x = 1, .ofs_y = 0},
    {.bitmap_index = 10979, .adv_w = 160, .box_w = 10, .box_h = 8, .ofs_x = 0, .ofs_y = 0},
    {.bitmap_index = 11019, .adv_w = 229, .box_w = 13, .box_h = 14, .ofs_x = 1, .ofs_y = -3},
    {.bitmap_index = 11110, .adv_w = 195, .box_w = 12, .box_h = 11, .ofs_x = 0, .ofs_y = -3},
    {.bitmap_index = 11176, .adv_w = 166, .box_w = 10, .box_h = 11, .ofs_x = 0, .ofs_y = 0},
    {.bitmap_index = 11231, .adv_w = 135, .box_w = 9, .box_h = 8, .ofs_x = 0, .ofs_y = 0},
    {.bitmap_index = 11267, .adv_w = 146, .box_w = 9, .box_h = 14, .ofs_x = 0, .ofs_y = -3},
    {.bitmap_index = 11330, .adv_w = 117, .box_w = 7, .box_h = 11, .ofs_x = 0, .ofs_y = -3},
    {.bitmap_index = 11369, .adv_w = 134, .box_w = 9, .box_h = 14, .ofs_x = 0, .ofs_y = -3},
    {.bitmap_index = 11432, .adv_w = 108, .box_w = 7, .box_h = 11, .ofs_x = 0, .ofs_y = -3},
    {.bitmap_index = 11471, .adv_w = 135, .box_w = 9, .box_h = 11, .ofs_x = 0, .ofs_y = 0},
    {.bitmap_index = 11521, .adv_w = 112, .box_w = 7, .box_h = 11, .ofs_x = 0, .ofs_y = -3},
    {.bitmap_index = 11560, .adv_w = 135, .box_w = 9, .box_h = 11, .ofs_x = 0, .ofs_y = 0},
    {.bitmap_index = 11610, .adv_w = 112, .box_w = 7, .box_h = 11, .ofs_x = 0, .ofs_y = -3},
    {.bitmap_index = 11649, .adv_w = 140, .box_w = 9, .box_h = 14, .ofs_x = 0, .ofs_y = -3},
    {.bitmap_index = 11712, .adv_w = 111, .box_w = 8, .box_h = 11, .ofs_x = 0, .ofs_y = -3},
    {.bitmap_index = 11756, .adv_w = 201, .box_w = 12, .box_h = 14, .ofs_x = 0, .ofs_y = -3},
    {.bitmap_index = 11840, .adv_w = 150, .box_w = 9, .box_h = 11, .ofs_x = 0, .ofs_y = -3},
    {.bitmap_index = 11890, .adv_w = 153, .box_w = 9, .box_h = 14, .ofs_x = 1, .ofs_y = -3},
    {.bitmap_index = 11953, .adv_w = 122, .box_w = 8, .box_h = 11, .ofs_x = 0, .ofs_y = -3},
    {.bitmap_index = 11997, .adv_w = 152, .box_w = 8, .box_h = 11, .ofs_x = 1, .ofs_y = 0},
    {.bitmap_index = 12041, .adv_w = 124, .box_w = 7, .box_h = 8, .ofs_x = 0, .ofs_y = 0},
    {.bitmap_index = 12069, .adv_w = 152, .box_w = 9, .box_h = 11, .ofs_x = 0, .ofs_y = 0},
    {.bitmap_index = 12119, .adv_w = 123, .box_w = 7, .box_h = 12, .ofs_x = 0, .ofs_y = 0},
    {.bitmap_index = 12161, .adv_w = 173, .box_w = 11, .box_h = 11, .ofs_x = 0, .ofs_y = 0},
    {.bitmap_index = 12222, .adv_w = 133, .box_w = 9, .box_h = 8, .ofs_x = -1, .ofs_y = 0},
    {.bitmap_index = 12258, .adv_w = 173, .box_w = 11, .box_h = 14, .ofs_x = 0, .ofs_y = -3},
    {.bitmap_index = 12335, .adv_w = 133, .box_w = 9, .box_h = 11, .ofs_x = -1, .ofs_y = -3},
    {.bitmap_index = 12385, .adv_w = 61, .box_w = 2, .box_h = 11, .ofs_x = 1, .ofs_y = 0},
    {.bitmap_index = 12396, .adv_w = 203, .box_w = 13, .box_h = 13, .ofs_x = 0, .ofs_y = 0},
    {.bitmap_index = 12481, .adv_w = 172, .box_w = 11, .box_h = 11, .ofs_x = 0, .ofs_y = 0},
    {.bitmap_index = 12542, .adv_w = 141, .box_w = 8, .box_h = 14, .ofs_x = 1, .ofs_y = -3},
    {.bitmap_index = 12598, .adv_w = 122, .box_w = 7, .box_h = 10, .ofs_x = 1, .ofs_y = -2},
    {.bitmap_index = 12633, .adv_w = 158, .box_w = 10, .box_h = 14, .ofs_x = 0, .ofs_y = -3},
    {.bitmap_index = 12703, .adv_w = 130, .box_w = 9, .box_h = 11, .ofs_x = 0, .ofs_y = -3},
    {.bitmap_index = 12753, .adv_w = 159, .box_w = 8, .box_h = 14, .ofs_x = 1, .ofs_y = -3},
    {.bitmap_index = 12809, .adv_w = 127, .box_w = 7, .box_h = 11, .ofs_x = 0, .ofs_y = -3},
    {.bitmap_index = 12848, .adv_w = 160, .box_w = 10, .box_h = 14, .ofs_x = 1, .ofs_y = -3},
    {.bitmap_index = 12918, .adv_w = 129, .box_w = 8, .box_h = 11, .ofs_x = 1, .ofs_y = -3},
    {.bitmap_index = 12962, .adv_w = 153, .box_w = 8, .box_h = 14, .ofs_x = 1, .ofs_y = -3},
    {.bitmap_index = 13018, .adv_w = 122, .box_w = 7, .box_h = 11, .ofs_x = 0, .ofs_y = -3},
    {.bitmap_index = 13057, .adv_w = 196, .box_w = 12, .box_h = 14, .ofs_x = 1, .ofs_y = -3},
    {.bitmap_index = 13141, .adv_w = 166, .box_w = 10, .box_h = 11, .ofs_x = 1, .ofs_y = -3},
    {.bitmap_index = 13196, .adv_w = 61, .box_w = 2, .box_h = 11, .ofs_x = 1, .ofs_y = 0},
    {.bitmap_index = 13207, .adv_w = 146, .box_w = 9, .box_h = 13, .ofs_x = 0, .ofs_y = 0},
    {.bitmap_index = 13266, .adv_w = 122, .box_w = 7, .box_h = 11, .ofs_x = 0, .ofs_y = 0},
    {.bitmap_index = 13305, .adv_w = 146, .box_w = 9, .box_h = 13, .ofs_x = 0, .ofs_y = 0},
    {.bitmap_index = 13364, .adv_w = 122, .box_w = 7, .box_h = 11, .ofs_x = 0, .ofs_y = 0},
    {.bitmap_index = 13403, .adv_w = 209, .box_w = 14, .box_h = 11, .ofs_x = -1, .ofs_y = 0},
    {.bitmap_index = 13480, .adv_w = 189, .box_w = 12, .box_h = 8, .ofs_x = 0, .ofs_y = 0},
    {.bitmap_index = 13528, .adv_w = 127, .box_w = 7, .box_h = 13, .ofs_x = 1, .ofs_y = 0},
    {.bitmap_index = 13574, .adv_w = 119, .box_w = 7, .box_h = 11, .ofs_x = 0, .ofs_y = 0},
    {.bitmap_index = 13613, .adv_w = 155, .box_w = 9, .box_h = 11, .ofs_x = 0, .ofs_y = 0},
    {.bitmap_index = 13663, .adv_w = 118, .box_w = 7, .box_h = 8, .ofs_x = 0, .ofs_y = 0},
    {.bitmap_index = 13691, .adv_w = 155, .box_w = 9, .box_h = 13, .ofs_x = 0, .ofs_y = 0},
    {.bitmap_index = 13750, .adv_w = 118, .box_w = 7, .box_h = 11, .ofs_x = 0, .ofs_y = 0},
    {.bitmap_index = 13789, .adv_w = 203, .box_w = 13, .box_h = 13, .ofs_x = 0, .ofs_y = 0},
    {.bitmap_index = 13874, .adv_w = 172, .box_w = 11, .box_h = 11, .ofs_x = 0, .ofs_y = 0},
    {.bitmap_index = 13935, .adv_w = 133, .box_w = 8, .box_h = 14, .ofs_x = 0, .ofs_y = 0},
    {.bitmap_index = 13991, .adv_w = 114, .box_w = 7, .box_h = 11, .ofs_x = 0, .ofs_y = 0},
    {.bitmap_index = 14030, .adv_w = 130, .box_w = 8, .box_h = 11, .ofs_x = 0, .ofs_y = 0},
    {.bitmap_index = 14074, .adv_w = 130, .box_w = 8, .box_h = 11, .ofs_x = 0, .ofs_y = -3},
    {.bitmap_index = 14118, .adv_w = 160, .box_w = 8, .box_h = 13, .ofs_x = 1, .ofs_y = 0},
    {.bitmap_index = 14170, .adv_w = 129, .box_w = 6, .box_h = 11, .ofs_x = 1, .ofs_y = 0},
    {.bitmap_index = 14203, .adv_w = 160, .box_w = 8, .box_h = 13, .ofs_x = 1, .ofs_y = 0},
    {.bitmap_index = 14255, .adv_w = 129, .box_w = 6, .box_h = 11, .ofs_x = 1, .ofs_y = 0},
    {.bitmap_index = 14288, .adv_w = 154, .box_w = 9, .box_h = 13, .ofs_x = 0, .ofs_y = 0},
    {.bitmap_index = 14347, .adv_w = 128, .box_w = 8, .box_h = 11, .ofs_x = 0, .ofs_y = 0},
    {.bitmap_index = 14391, .adv_w = 152, .box_w = 9, .box_h = 11, .ofs_x = 0, .ofs_y = 0},
    {.bitmap_index = 14441, .adv_w = 127, .box_w = 8, .box_h = 8, .ofs_x = 0, .ofs_y = 0},
    {.bitmap_index = 14473, .adv_w = 152, .box_w = 9, .box_h = 13, .ofs_x = 0, .ofs_y = 0},
    {.bitmap_index = 14532, .adv_w = 127, .box_w = 8, .box_h = 11, .ofs_x = 0, .ofs_y = 0},
    {.bitmap_index = 14576, .adv_w = 151, .box_w = 8, .box_h = 14, .ofs_x = 1, .ofs_y = 0},
    {.bitmap_index = 14632, .adv_w = 120, .box_w = 7, .box_h = 11, .ofs_x = 0, .ofs_y = 0},
    {.bitmap_index = 14671, .adv_w = 141, .box_w = 9, .box_h = 13, .ofs_x = 0, .ofs_y = 0},
    {.bitmap_index = 14730, .adv_w = 106, .box_w = 7, .box_h = 14, .ofs_x = 0, .ofs_y = -3},
    {.bitmap_index = 14779, .adv_w = 141, .box_w = 9, .box_h = 13, .ofs_x = 0, .ofs_y = 0},
    {.bitmap_index = 14838, .adv_w = 106, .box_w = 7, .box_h = 14, .ofs_x = 0, .ofs_y = -3},
    {.bitmap_index = 14887, .adv_w = 141, .box_w = 9, .box_h = 14, .ofs_x = 0, .ofs_y = 0},
    {.bitmap_index = 14950, .adv_w = 106, .box_w = 7, .box_h = 15, .ofs_x = 0, .ofs_y = -3},
    {.bitmap_index = 15003, .adv_w = 153, .box_w = 8, .box_h = 13, .ofs_x = 1, .ofs_y = 0},
    {.bitmap_index = 15055, .adv_w = 122, .box_w = 7, .box_h = 11, .ofs_x = 0, .ofs_y = 0},
    {.bitmap_index = 15094, .adv_w = 125, .box_w = 7, .box_h = 14, .ofs_x = 1, .ofs_y = -3},
    {.bitmap_index = 15143, .adv_w = 94, .box_w = 5, .box_h = 11, .ofs_x = 1, .ofs_y = -3},
    {.bitmap_index = 15171, .adv_w = 194, .box_w = 10, .box_h = 13, .ofs_x = 1, .ofs_y = 0},
    {.bitmap_index = 15236, .adv_w = 174, .box_w = 9, .box_h = 11, .ofs_x = 1, .ofs_y = 0},
    {.bitmap_index = 15286, .adv_w = 132, .box_w = 8, .box_h = 14, .ofs_x = 0, .ofs_y = -3},
    {.bitmap_index = 15342, .adv_w = 92, .box_w = 7, .box_h = 11, .ofs_x = 0, .ofs_y = -3},
    {.bitmap_index = 15381, .adv_w = 140, .box_w = 9, .box_h = 14, .ofs_x = 0, .ofs_y = -3},
    {.bitmap_index = 15444, .adv_w = 111, .box_w = 8, .box_h = 11, .ofs_x = 0, .ofs_y = -3},
    {.bitmap_index = 15488, .adv_w = 140, .box_w = 9, .box_h = 11, .ofs_x = 0, .ofs_y = 0},
    {.bitmap_index = 15538, .adv_w = 111, .box_w = 7, .box_h = 8, .ofs_x = 0, .ofs_y = 0}
};

/*---------------------
 *  CHARACTER MAPPING
 *--------------------*/



/*Collect the unicode lists and glyph_id offsets*/
static const lv_font_fmt_txt_cmap_t cmaps[] =
{
    {
        .range_start = 32, .range_length = 95, .glyph_id_start = 1,
        .unicode_list = NULL, .glyph_id_ofs_list = NULL, .list_length = 0, .type = LV_FONT_FMT_TXT_CMAP_FORMAT0_TINY
    },
    {
        .range_start = 1024, .range_length = 135, .glyph_id_start = 96,
        .unicode_list = NULL, .glyph_id_ofs_list = NULL, .list_length = 0, .type = LV_FONT_FMT_TXT_CMAP_FORMAT0_TINY
    },
    {
        .range_start = 1160, .range_length = 120, .glyph_id_start = 231,
        .unicode_list = NULL, .glyph_id_ofs_list = NULL, .list_length = 0, .type = LV_FONT_FMT_TXT_CMAP_FORMAT0_TINY
    }
};

/*-----------------
 *    KERNING
 *----------------*/


/*Map glyph_ids to kern left classes*/
static const uint8_t kern_left_class_mapping[] =
{
    0, 1, 0, 2, 0, 0, 0, 0,
    2, 3, 0, 0, 0, 4, 0, 4,
    5, 0, 0, 0, 0, 0, 0, 0,
    0, 0, 0, 0, 0, 0, 0, 0,
    0, 0, 6, 7, 8, 9, 10, 11,
    0, 12, 12, 13, 14, 15, 12, 12,
    9, 16, 17, 18, 0, 19, 13, 20,
    21, 22, 23, 24, 25, 0, 0, 0,
    0, 0, 26, 27, 28, 0, 29, 30,
    0, 31, 0, 0, 32, 0, 31, 31,
    33, 27, 0, 34, 0, 35, 0, 36,
    37, 38, 36, 39, 40, 0, 0, 0,
    10, 10, 41, 42, 0, 0, 12, 12,
    13, 43, 43, 44, 14, 0, 45, 12,
    6, 46, 7, 42, 47, 10, 22, 48,
    12, 0, 14, 12, 12, 12, 9, 0,
    16, 8, 19, 45, 0, 22, 12, 0,
    12, 49, 43, 0, 43, 50, 51, 52,
    26, 53, 54, 55, 56, 29, 38, 28,
    0, 0, 57, 0, 0, 0, 33, 0,
    27, 28, 58, 36, 27, 38, 59, 0,
    0, 60, 61, 0, 61, 27, 62, 0,
    29, 29, 0, 55, 63, 0, 0, 0,
    0, 61, 61, 0, 0, 0, 36, 0,
    0, 0, 43, 61, 0, 0, 6, 0,
    0, 0, 0, 0, 0, 0, 0, 0,
    0, 0, 0, 33, 20, 36, 20, 36,
    0, 0, 0, 0, 0, 0, 0, 0,
    0, 28, 0, 0, 0, 0, 0, 0,
    0, 0, 0, 0, 0, 0, 27, 42,
    55, 42, 0, 0, 0, 22, 38, 0,
    0, 14, 0, 14, 0, 14, 0, 14,
    0, 12, 0, 0, 0, 0, 0, 0,
    0, 8, 28, 19, 0, 23, 36, 23,
    0, 22, 38, 0, 0, 0, 0, 0,
    0, 0, 31, 0, 0, 0, 0, 12,
    22, 38, 0, 0, 0, 0, 0, 0,
    12, 0, 0, 0, 12, 0, 12, 6,
    26, 6, 26, 0, 0, 10, 29, 0,
    29, 0, 29, 22, 38, 0, 0, 0,
    0, 0, 0, 0, 0, 9, 33, 0,
    0, 0, 33, 0, 27, 45, 36, 45,
    36, 45, 36, 0, 0, 42, 55, 0,
    0, 0, 55, 22, 38, 0, 0
};

/*Map glyph_ids to kern right classes*/
static const uint8_t kern_right_class_mapping[] =
{
    0, 1, 0, 2, 0, 0, 0, 3,
    2, 0, 4, 5, 0, 6, 7, 6,
    8, 0, 0, 0, 0, 0, 0, 0,
    9, 0, 0, 0, 0, 0, 0, 0,
    10, 0, 11, 0, 12, 0, 0, 0,
    12, 0, 0, 13, 0, 0, 0, 0,
    12, 0, 12, 0, 14, 15, 16, 17,
    18, 19, 20, 21, 0, 0, 22, 0,
    0, 0, 23, 0, 24, 24, 24, 25,
    24, 0, 0, 0, 0, 0, 26, 26,
    27, 26, 24, 28, 29, 30, 31, 32,
    33, 34, 32, 35, 0, 0, 36, 0,
    0, 0, 15, 0, 12, 0, 0, 0,
    13, 37, 0, 15, 0, 0, 38, 0,
    11, 0, 0, 0, 39, 0, 19, 0,
    0, 0, 0, 37, 0, 0, 12, 0,
    0, 12, 15, 38, 0, 19, 0, 40,
    0, 0, 0, 0, 41, 42, 0, 0,
    23, 43, 44, 26, 45, 24, 34, 46,
    26, 26, 26, 47, 26, 26, 27, 26,
    26, 24, 48, 32, 24, 34, 26, 49,
    26, 26, 50, 51, 26, 52, 26, 53,
    24, 24, 0, 26, 24, 29, 0, 0,
    0, 47, 26, 0, 26, 26, 32, 54,
    12, 55, 0, 0, 0, 0, 11, 0,
    0, 0, 56, 0, 0, 0, 0, 0,
    0, 0, 12, 27, 17, 32, 17, 32,
    12, 24, 12, 57, 12, 24, 12, 58,
    12, 24, 0, 0, 0, 0, 0, 0,
    0, 0, 26, 0, 0, 0, 59, 0,
    60, 0, 0, 0, 0, 19, 34, 0,
    0, 0, 26, 0, 54, 0, 0, 15,
    61, 0, 26, 0, 26, 0, 44, 12,
    24, 12, 24, 15, 0, 20, 32, 20,
    0, 19, 34, 15, 0, 40, 49, 62,
    63, 0, 0, 64, 65, 0, 0, 0,
    19, 34, 0, 0, 37, 47, 0, 26,
    0, 26, 40, 49, 0, 26, 0, 11,
    23, 11, 23, 0, 0, 0, 24, 66,
    24, 0, 24, 19, 34, 0, 0, 0,
    0, 0, 26, 0, 26, 12, 27, 12,
    24, 12, 27, 0, 0, 38, 32, 38,
    32, 38, 32, 40, 49, 0, 26, 0,
    26, 0, 26, 19, 34, 0, 0
};

/*Kern values between classes*/
static const int8_t kern_class_values[] =
{
    0, 0, 0, 0, 0, 0, 0, 0,
    0, 0, 0, 0, 0, 0, -4, 0,
    0, 0, 0, 0, 0, 0, 0, 0,
    0, 0, 0, 0, 0, 0, 0, 0,
    0, 0, 0, 0, 0, 0, 0, 0,
    0, 0, 0, 0, 0, 0, 0, 0,
    0, 0, 0, 0, 0, 0, 0, 0,
    0, 0, 0, 0, 0, 0, 0, 0,
    0, 0, 0, -12, 0, 0, 0, 0,
    0, 0, 0, 0, -13, 0, 0, 0,
    0, 0, 0, 0, 0, 0, 0, 0,
    -5, -6, 0, -2, -7, 0, -9, 0,
    0, 0, 1, 0, 0, 0, 0, 0,
    0, 0, 0, 0, 0, 0, 0, 0,
    0, 0, 0, 0, 0, 0, 0, 0,
    0, 0, 0, 0, 0, 0, 0, 0,
    0, 0, 0, 0, 0, 0, 0, 0,
    0, 0, 0, 0, 0, 0, 0, 0,
    0, 0, 0, 0, 2, 2, 0, 2,
    0, 0, 0, 0, 0, 0, 0, 0,
    0, 0, 0, 0, 0, 0, 0, 0,
    0, 0, 0, 0, 0, 0, 0, 0,
    0, 0, 0, 0, 0, 0, 0, 0,
    0, 0, 0, 0, 0, 0, 0, 0,
    0, 0, 0, 0, 0, 0, 0, -19,
    0, 0, 0, 0, 0, 0, 0, 0,
    0, 0, 0, 0, 0, 0, 0, 0,
    0, 0, 0, 0, 0, 0, 0, 0,
    0, 0, 0, 0, 0, 0, 0, 0,
    0, 0, 0, 0, 0, 0, 0, 0,
    0, 0, 0, 0, 0, 0, 0, 0,
    0, 0, 0, 0, 0, 0, 0, 0,
    0, 0, 0, 0, 0, 0, 0, 0,
    0, 0, 0, 0, 0, 0, 0, -24,
    0, 0, 0, 0, 0, 0, 0, 0,
    0, 0, 0, 0, 0, 0, 0, 0,
    0, 0, 0, 0, 0, 0, 0, 0,
    0, 0, 0, 0, 0, 0, 0, 0,
    0, 0, 0, 0, 0, 0, 0, 0,
    0, 0, 0, 0, 0, 0, 0, 0,
    0, 0, 0, 0, 0, 0, 0, 0,
    0, 0, 0, -13, 0, 0, 0, 0,
    0, 0, 0, -7, 0, -1, 0, 0,
    -14, -2, -10, -8, 0, -10, 0, 0,
    0, 0, 0, 0, -1, 0, 0, -2,
    -1, -5, -4, 0, 1, 0, 2, 0,
    2, -6, -6, 0, 0, 0, 0, 0,
    2, -6, -12, 0, 0, 0, 0, 0,
    0, 0, 0, 0, 0, 0, -11, -19,
    -15, -6, -4, -2, 0, 0, 0, 0,
    0, 0, 0, 0, 0, 0, 0, 0,
    0, 0, -3, 0, -3, 0, 0, -6,
    0, 0, 0, 0, 0, 0, 0, 0,
    0, 0, 0, 0, 0, 0, 0, 0,
    0, -1, 0, 0, 0, 0, 0, 0,
    0, 0, 0, 0, 0, 0, 0, 0,
    0, 0, 0, 1, 0, 0, 0, 0,
    0, 0, 0, 0, 0, 0, 0, 0,
    0, -3, 0, 0, 0, 0, 0, 0,
    0, 0, 0, 0, -3, 0, 0, 0,
    0, 0, 0, -1, 0, 0, 0, 0,
    0, 0, 0, 0, 0, 0, 0, 0,
    0, -2, 0, 0, 0, 0, 0, 0,
    0, 0, 0, 0, 0, 0, 0, 0,
    0, 0, 0, 0, 0, 0, 0, 0,
    0, 0, 0, 0, 0, 0, -2, 0,
    0, 0, 0, 0, 0, -11, 0, 0,
    0, 0, -2, 0, 0, 0, -3, 0,
    -2, 0, -2, -5, -3, 0, 0, 0,
    0, 0, 0, 0, 0, 0, 0, 0,
    0, 0, 0, 0, -3, 0, -4, 0,
    -3, 0, 0, 0, 0, 0, 0, 0,
    0, 0, 0, 0, 0, 0, 0, 0,
    0, 0, 0, 0, 0, 0, 0, 0,
    0, 0, 0, 0, 0, 0, 0, 0,
    0, 0, 0, 0, 0, 0, 0, 0,
    2, 0, 0, 0, 0, 0, 0, 0,
    0, -2, -2, 0, -2, 0, 0, 0,
    -2, -3, -2, 0, 0, 0, 0, 0,
    0, 0, 0, 0, 0, 0, 0, 0,
    0, 0, 0, 0, 0, 0, 0, 0,
    0, 0, 0, 0, 0, 0, 0, 0,
    0, 0, 0, 0, 0, 0, 0, 0,
    0, -26, 0, 0, 0, 0, -19, 0,
    -29, 0, 2, 0, 0, 0, 0, 0,
    0, 0, -4, -2, 0, 0, -2, -3,
    0, 0, -2, -3, 0, 0, 0, 0,
    0, 0, 0, 0, 0, 0, 0, 0,
    0, 0, 0, 0, 0, 0, 0, 0,
    0, 0, 0, 0, 0, 0, 0, 0,
    0, 0, 0, 0, 0, 0, 0, 0,
    0, 0, 0, 0, 0, 0, 0, 0,
    2, 0, 0, 0, -3, 0, 0, 0,
    2, -3, 0, 0, 0, 0, 0, 0,
    0, 0, 0, 0, 0, 0, 0, 0,
    0, 0, 2, 0, 2, -3, 0, 0,
    0, 0, 2, 0, 2, 0, -3, 0,
    0, 0, 0, 0, 0, 0, 0, 0,
    0, 0, 0, -3, -3, -3, 0, 0,
    0, 0, 0, 0, 0, 0, 0, 0,
    0, 0, -2, 0, 0, 0, 0, 0,
    0, 0, 0, 0, 0, 0, 0, 0,
    0, 0, 0, 0, 0, 0, 0, 0,
    0, 0, 0, 0, 0, 0, 0, 0,
    0, 0, 0, 0, 0, 0, 0, 0,
    0, 0, 0, 0, 0, 0, 0, 0,
    0, 0, 0, 0, 0, 0, 0, 0,
    0, 0, 0, 0, 0, 0, 0, 0,
    -7, 0, 0, 0, 0, -3, 0, 0,
    0, 0, 0, 0, 0, 0, 0, 0,
    0, -3, 0, -3, -3, 0, 0, 0,
    -3, -4, -7, 0, 0, 0, 0, 0,
    0, 0, 0, 0, -4, 0, 0, 0,
    0, -8, -10, 0, 0, 0, 0, 0,
    -9, 0, -5, -6, 0, 0, -10, 0,
    -6, 0, 0, -3, 0, -37, 0, 0,
    0, 0, 0, 0, 0, 0, 2, -7,
    0, 0, -30, -6, -19, -16, 0, -26,
    0, 0, 0, 0, 0, 0, 0, 0,
    0, 0, -5, -15, -10, 0, 0, 0,
    0, 0, 0, 0, 0, 0, 0, 0,
    0, 0, 0, 0, 0, 0, 0, 0,
    0, 0, 0, 0, 0, 0, 0, 0,
    0, 0, 0, 0, 0, 0, 0, 0,
    0, 0, 0, -35, 0, 0, 0, 0,
    -15, 0, -22, 0, 0, 0, 0, 0,
    -3, 0, -3, 0, -1, -1, 0, 0,
    -1, 0, 0, 2, 0, 2, 0, 0,
    0, 0, -6, 0, -10, 0, 0, 0,
    0, 0, -6, 0, -4, 0, 0, 0,
    0, 0, 0, 0, 0, 0, 0, 0,
    0, 0, 0, 0, 0, 0, 0, 0,
    0, 0, 0, 0, 0, 0, 0, 0,
    0, 0, 0, 0, 0, 0, -5, 0,
    -3, -2, 0, -4, 0, 0, 0, 0,
    0, 0, 0, 0, 0, 0, 0, 0,
    0, 0, 0, 0, 0, 0, 0, 0,
    0, 0, 0, 0, 0, 0, 0, 0,
    0, 0, 0, 0, 0, 0, 0, 0,
    0, 0, 0, 0, 0, 0, 0, 0,
    0, 0, 0, 0, 0, 0, 0, 0,
    0, 0, 0, 0, 0, 0, 0, 0,
    -9, 0, -2, 0, 0, -5, 0, 0,
    0, 0, 0, 0, 0, 0, 0, 0,
    0, 0, 0, 0, 0, 0, 0, 0,
    0, 0, 0, 0, 0, 0, 0, 0,
    0, 0, 0, 0, 0, 0, 0, 0,
    0, 0, 0, 0, 0, 0, 0, 0,
    0, 0, 0, 0, -4, 0, 0, 0,
    0, -24, -25, 0, 0, 0, -9, -3,
    -26, -2, 2, 0, 2, 2, 0, 2,
    0, 0, -12, -11, 0, -12, -11, -8,
    -13, 0, -10, -8, -6, -8, -7, 0,
    -6, 0, -10, 0, 2, 0, -3, -10,
    -15, -14, -14, -9, -14, 0, -14, -14,
    -15, -14, -14, 0, -11, -4, -14, -11,
    -8, 0, -14, -11, -16, -3, 0, 0,
    0, 2, 0, -25, -4, 0, 0, 0,
    -8, -1, 0, 0, 0, 0, 0, 0,
    0, 0, 0, 2, -5, -5, 0, 0,
    -5, -3, 0, 0, -3, -1, 0, 0,
    0, 2, 0, 0, 0, 0, 0, 0,
    0, 0, 0, 0, 0, 0, 0, 0,
    0, 0, 0, 0, 0, 0, 0, 0,
    0, 0, 0, 0, 0, 0, 0, 0,
    0, 0, 0, 2, 0, -13, -7, 0,
    0, 0, -5, 0, 0, 0, 2, 0,
    0, 0, 0, 0, 0, 1, -4, -3,
    0, 0, -3, -2, 0, 0, -2, 0,
    0, 0, 0, 2, 0, 0, 0, 0,
    0, 0, 0, 0, 0, 0, 0, 0,
    0, 0, 0, 0, 0, 0, 0, 0,
    0, 0, 0, 0, 0, 0, 0, 0,
    0, 0, 0, 0, 0, 0, 0, 0,
    -5, 0, 0, 0, 0, -3, 0, 0,
    0, 0, 2, 0, 0, 0, 0, 0,
    0, -3, 0, 0, -2, 0, 0, 0,
    -2, -3, 0, 0, 0, 0, 2, 0,
    2, 0, 0, 0, -3, 0, 0, 0,
    2, -4, -5, 0, 0, 0, 0, 0,
    0, 0, 0, 0, 0, 0, -4, 0,
    -5, -5, -6, -3, 0, 0, -3, 2,
    -5, -23, -6, 0, 0, 0, -10, -3,
    -10, -2, 2, -10, 2, 2, 1, 2,
    0, 2, -8, -7, -2, -4, -7, -4,
    -6, -2, -4, -2, 0, -3, -3, 2,
    0, 0, 0, 0, 0, 0, 0, 0,
    0, 0, 0, 0, 0, 0, 0, 0,
    0, 0, 0, 0, 0, 0, 0, 0,
    0, 0, 0, 0, 0, 0, 0, 0,
    0, 0, 0, 0, 0, 0, 0, 0,
    1, -3, 0, 0, 0, 0, 0, 0,
    0, 0, 0, 0, 0, -2, 0, 0,
    -2, 0, 0, 0, -2, -3, -3, 0,
    0, 0, 0, 0, 0, 0, 0, 0,
    0, 0, 0, 0, 0, 0, 0, 0,
    0, 0, 0, 0, 0, 0, 0, 0,
    0, 0, 0, 0, 0, 0, 0, 0,
    0, 0, 0, 0, 0, 0, 0, 0,
    0, 0, 0, 0, -2, 0, 0, -2,
    0, 0, 0, 0, 0, 0, 0, 0,
    0, 0, 0, 0, 0, 0, 0, 0,
    0, 0, 0, 0, 0, 0, 0, 0,
    0, 0, 0, 0, 0, 0, 0, 0,
    0, 0, 0, 0, 0, 0, 0, 0,
    0, 0, 0, 0, 0, 0, 0, 0,
    0, 0, 0, -7, 0, 0, 0, 0,
    0, 0, 0, 0, 0, 0, 0, 0,
    0, 0, 0, 0, 0, 0, 0, 0,
    0, 0, 0, 0, 0, 0, 0, 0,
    0, -2, 0, 0, 0, 0, 0, 0,
    0, 0, 0, 0, 0, 0, 0, 0,
    0, -2, 0, 0, 0, 0, 0, 0,
    -2, 0, 0, -1, 0, 0, -2, 0,
    0, 0, 0, 0, 0, -3, 0, 0,
    0, 0, 0, 0, 0, 0, 0, 0,
    0, 0, 0, 0, 0, 0, 0, 0,
    0, 0, 0, 0, 0, 0, 0, 0,
    0, 0, 0, -1, 0, -2, -2, 0,
    0, 0, 0, 0, 0, 0, 0, 0,
    -2, 0, -2, -9, 0, 0, 0, 0,
    0, 0, 0, 0, 0, 0, 0, 0,
    -2, 0, 0, 0, 0, 0, 0, -1,
    0, 0, 0, 0, 0, 0, 0, 0,
    0, 0, 0, 0, 0, 0, 0, 0,
    0, 0, 0, 0, 0, 0, 0, 0,
    0, 0, 0, 0, 0, 0, 0, 0,
    0, 0, 0, 0, 0, 0, 0, 0,
    0, 0, 0, 0, 0, 0, 0, 0,
    0, 0, 0, 0, 0, 0, 0, 0,
    0, 0, 0, 0, 0, 0, 0, 0,
    0, -2, 0, 0, 0, 0, 0, 0,
    0, 0, 0, 0, 0, 0, 0, 0,
    0, 0, 0, 0, 0, 0, 0, 0,
    0, 0, 0, 0, 0, 0, 0, -1,
    0, 0, 0, 0, 0, 0, 0, 0,
    0, 0, 0, 0, 0, 0, 0, -1,
    0, 0, 0, 0, 0, 0, 0, 0,
    0, 0, 0, 0, 0, 0, 0, 0,
    0, 0, 0, 2, 0, 2, 0, 0,
    0, 0, 0, 0, 0, 0, 0, 0,
    0, 0, 0, 0, 0, 0, 0, 2,
    0, -3, 0, 0, 0, 0, 0, 0,
    0, 0, 0, 0, 0, 2, 0, 0,
    0, 0, 0, 0, 0, 0, 0, 0,
    0, 0, 0, 0, 0, 0, 0, 0,
    0, 0, 0, 0, 0, 0, 0, 0,
    0, 0, 0, 0, 0, -11, 0, 0,
    0, 0, 0, 0, 0, 0, 0, 0,
    0, 0, 0, 0, 0, 0, 0, 0,
    0, 0, 0, 0, 0, 0, 0, 0,
    0, 0, 0, 0, 0, 0, 0, 0,
    0, 0, 0, 0, 0, 0, 0, 0,
    0, 0, 0, -7, 0, 0, 0, 0,
    0, 0, 0, 0, 0, 0, 0, 0,
    0, 0, 0, 0, 0, 0, 0, 0,
    0, 0, 0, 0, 0, 0, 0, 0,
    0, 0, 0, 0, 0, 0, 0, 0,
    0, 0, 0, 0, 0, -2, 0, 0,
    0, 0, 0, 0, 0, 0, 0, 0,
    0, 0, 0, 0, 0, 0, 0, 0,
    0, 0, 0, 0, 0, 0, 0, 0,
    0, 0, 0, 0, 0, 0, 0, 0,
    0, 0, 0, 0, 0, 0, 0, 0,
    0, -15, 0, 0, 0, 0, 0, 0,
    0, 0, 0, 0, 0, 0, 0, 0,
    0, 0, 0, 0, 0, 0, 0, 0,
    0, 0, 0, 0, 0, 0, 0, -2,
    0, -2, -2, 0, 0, 0, 0, 0,
    0, 0, 0, 0, -8, 0, -2, -2,
    0, 0, 0, 0, 0, 0, -2, 0,
    0, -2, 0, 0, -2, 0, 0, 0,
    0, 0, 0, 2, 0, 0, 0, -13,
    0, 0, 0, 0, 0, 0, 0, 0,
    0, 0, 0, 0, 0, 0, 0, 0,
    -4, -2, 2, 0, -2, 0, 0, 5,
    0, 2, 2, 0, 0, 0, 0, 0,
    0, 0, 0, 0, 0, 0, 0, 0,
    0, 0, 0, 0, 0, 0, 0, 0,
    0, 0, 0, 0, 0, 0, 0, 0,
    0, 0, 0, 0, 0, 0, 0, 0,
    0, 0, 0, 0, 0, 0, 0, 0,
    0, 0, 0, 0, 0, 0, 0, 0,
    0, 0, 0, 0, 0, 0, -2, 0,
    0, 0, 0, 0, 0, 0, 0, 0,
    0, 0, 0, 0, 0, 0, 0, 0,
    0, 0, 0, 0, 0, 0, 0, 0,
    0, 0, 0, 0, 0, 0, 0, 0,
    0, 0, 0, 0, 0, 0, 0, 2,
    0, 0, 0, -12, 0, 0, 0, 0,
    0, 0, 0, 0, 0, 0, 0, 0,
    0, 0, 0, 0, -2, -1, 1, 0,
    -2, 0, 0, 0, 0, 0, 0, 0,
    0, 0, 0, 0, 0, 0, 0, 0,
    0, 0, -6, 0, -4, 0, 0, 0,
    0, 0, 0, 0, 0, 0, -2, 0,
    0, 0, 0, 0, 0, 0, 0, 0,
    0, 0, 0, 0, 0, -14, 0, 0,
    0, 0, 0, 0, 0, 0, 0, 0,
    0, 0, 0, 0, 0, 0, 0, 0,
    0, 0, 0, 0, 0, 0, 0, 0,
    0, 0, 0, 0, 0, 0, 0, 0,
    0, 0, 0, 0, 0, 0, 0, 0,
    0, 0, 0, 0, 0, 0, 0, 0,
    0, 0, 0, 0, 0, 0, 0, 0,
    0, 0, 0, 0, 0, 0, 0, 0,
    0, 0, 0, 0, 0, 0, 0, 0,
    0, 0, 0, 0, 0, 0, 0, 0,
    0, -2, 0, 0, -2, 0, 0, 0,
    0, 0, 0, 0, 0, 0, 0, 0,
    0, 0, 0, 0, 0, 0, 0, 0,
    0, 0, 0, 0, 0, 0, 0, 0,
    0, 0, -2, 0, 0, 0, 0, 0,
    0, 0, 0, 0, 0, 0, 0, 0,
    0, 0, 0, 0, 0, 0, 0, 0,
    0, 0, 0, 0, 0, 0, 0, 0,
    0, 0, 0, -2, 0, 0, -2, 0,
    0, 0, 0, 0, 0, 0, 0, 0,
    0, 0, 0, 0, 0, 0, 0, 0,
    0, 0, 0, 0, 0, 0, 0, 0,
    0, 0, 0, 0, 0, 0, 0, 0,
    0, 0, 0, 0, 0, 0, 0, 0,
    0, 0, 0, 0, 0, 0, 0, 0,
    0, 0, -2, 0, 0, -2, 0, 0,
    0, 0, 0, 0, 0, 0, 0, 0,
    0, 0, 0, 0, 0, 0, 0, 0,
    0, 0, 0, 0, 0, 0, 0, 0,
    0, 0, 0, 0, 0, 0, 0, 0,
    0, 0, 0, 0, 0, 0, 0, 0,
    0, 0, 0, 0, 0, 0, 0, 0,
    0, -6, 0, 0, 0, 0, 0, 0,
    0, 0, 0, 0, 0, 0, -5, 0,
    -5, 0, -1, -5, 0, 0, 0, 0,
    0, -5, 0, 0, 0, 0, 0, -3,
    0, -2, 0, 0, 0, -2, 0, -3,
    -5, 0, 0, 0, 0, 0, 0, -6,
    0, 0, 0, 0, 0, 0, -3, 0,
    0, -3, 0, 0, -7, -3, 0, 0,
    0, 0, 0, 0, 0, 0, 0, -43,
    -45, 0, 0, 0, -21, -7, 0, -5,
    1, 0, 1, 1, 0, 1, 0, 0,
    -23, -21, 0, -22, -21, -16, -24, 0,
    -20, -16, -13, -16, -13, 0, -12, 0,
    -19, 0, 1, 0, -7, -20, -28, -26,
    -26, -17, -27, 0, -26, -26, -27, -26,
    -26, 0, -21, -9, -26, -21, -16, 0,
    -27, -21, -30, -7, 0, -7, 0, 0,
    0, 0, 0, 0, 0, 0, 0, 0,
    0, 0, -29, 0, -6, 0, -2, -9,
    0, 0, 0, 0, 0, 0, 0, 0,
    0, 0, 0, 0, 0, -6, 0, 0,
    -1, -2, 0, -3, -7, 0, 0, 0,
    0, 0, 0, -5, 0, 0, 0, 0,
    0, 0, 0, 0, 0, 0, 0, 0,
    -5, -3, 0, -4, 0, 0, 0, 0,
    0, 0, 0, 0, 0, 0, 0, 0,
    0, 0, 0, 0, -7, 0, 0, 0,
    0, 0, 0, 0, 0, 0, 0, 0,
    0, 0, 0, 0, 0, -2, 0, 0,
    0, 0, 0, 0, 0, 0, -6, 0,
    0, 0, 0, 0, 0, -4, 0, 0,
    0, 0, 0, 0, -2, 0, 0, -2,
    0, 0, -4, 0, 0, -3, 0, 0,
    0, 0, 0, 0, 0, -44, -13, 0,
    0, 0, -10, -3, 0, 0, 2, 0,
    0, 0, 0, 2, 0, 0, -12, -7,
    0, -11, -7, 0, -5, 0, 0, 0,
    0, 0, 0, 0, -6, 0, -9, 0,
    2, 0, 0, -3, -9, -5, -8, 0,
    -3, 0, -4, 0, -5, -3, 0, 0,
    -5, 0, -4, -3, 0, 0, -3, 0,
    -4, 0, 0, 0, 0, 0, 0, 0,
    0, 0, 0, 0, 0, 0, 0, 0,
    -3, 0, -3, 0, -2, -3, 0, 0,
    0, 0, 0, 0, 0, 0, 0, 0,
    0, 0, 0, -2, 0, 0, 0, -2,
    0, -3, -3, 0, 0, 0, 0, 0,
    0, -5, 0, 0, 0, 0, 0, 0,
    0, 0, 0, 0, 0, 0, -5, -3,
    0, 0, 0, 0, 0, 0, 0, 0,
    0, 0, 0, 0, 0, 0, 2, -3,
    0, 0, -3, 0, -3, 0, 0, -4,
    0, 0, 0, 0, 0, 0, 0, 0,
    0, 0, 0, 0, 0, 0, 0, 0,
    2, 0, 2, -3, -3, 0, 0, 0,
    2, 0, 2, 0, -3, 0, 0, 0,
    0, 0, 0, 0, 0, 0, 0, 0,
    0, -3, -3, 0, -3, -3, 0, 0,
    0, 0, 0, 0, 0, 0, -2, 0,
    0, 0, 0, 0, -2, 0, -1, 0,
    -1, -2, 0, 0, 0, 0, 0, 0,
    0, 0, 0, 0, 0, 0, 0, 0,
    0, 0, -1, -1, 0, 0, -2, 0,
    0, 0, 0, 0, 0, 0, 0, 0,
    0, 0, 0, 0, 0, 0, 0, 0,
    0, 0, 0, 0, 0, 0, 0, 0,
    0, 0, 0, 0, 0, 0, 0, 0,
    0, 0, 2, 0, 0, 0, -3, 0,
    -3, 0, 2, -3, 0, 0, 0, 0,
    0, 0, 0, 0, 0, 0, 0, 0,
    0, 0, 0, 0, 2, 1, 2, -3,
    -3, -1, 0, 0, 2, 0, 2, -3,
    -3, 0, 0, 0, 0, 0, 0, 0,
    0, 0, 0, 0, -3, -3, -3, 0,
    0, 0, 0, 0, 0, 0, 0, 0,
    0, 0, 0, 0, 0, 0, 0, 0,
    -3, 0, 0, 0, -3, -3, 0, 0,
    0, 0, 0, 0, 0, 0, 0, 0,
    0, 0, 0, 0, 0, 0, -3, -3,
    -3, 0, 0, 0, 0, 0, 0, 0,
    -2, 0, 0, 0, 0, 0, 0, 0,
    0, 0, 0, 0, 0, 0, 0, 0,
    0, 0, 0, 0, 0, 0, 0, 0,
    0, 0, 0, 0, 0, 0, 0, 0,
    0, 0, -3, 0, 0, 0, -3, 0,
    0, 0, 0, 0, 0, 0, 0, 0,
    0, 0, 0, 0, 0, 0, 0, 0,
    -3, -3, -3, 0, 0, 0, 0, 0,
    -3, 0, -2, 0, 0, 0, 0, 0,
    0, 0, 0, 0, 0, 0, 0, 0,
    0, 0, 0, 0, 0, 0, 0, 0,
    0, 0, 0, 0, 0, 0, 0, 0,
    0, 0, 0, 0, -2, 0, 0, 0,
    0, -1, 0, 0, 0, 0, 0, 0,
    0, 0, 0, 0, 0, 0, 0, 0,
    0, 0, 0, 0, 0, 0, 0, 0,
    0, 0, 0, 0, 0, 0, 0, 0,
    0, 0, 0, 0, 0, 0, 0, 0,
    0, 0, 0, 0, 0, 0, 0, 0,
    0, 0, 0, 0, 0, 0, 0, 0,
    0, 0, 0, 0, 0, 0, 0, 0,
    0, 0, 0, 0, 0, 0, 0, 0,
    0, -2, 0, 0, 0, 0, 0, 0,
    0, -2, 0, 0, 0, 0, 0, 0,
    0, 0, 0, 0, -2, 0, 0, -2,
    0, 0, 0, 0, 0, 0, -1, 0,
    0, -2, 0, 0, -2, 0, 0, 0,
    0, 0, 0, -2, 0, 0, 0, 0,
    0, 0, 0, 0, 0, 0, 0, 0,
    0, 0, 0, 0, 0, 0, 0, 0,
    0, 0, 0, 0, 0, 0, 0, 0,
    0, -1, 0, 0, 0, 0, 0, 0,
    0, 0, 0, 0, 0, 0, 0, 0,
    0, -1, 0, 0, 0, 0, 0, 0,
    -1, 0, 0, 0, 0, 0, -1, 0,
    0, 0, 0, 0, 0, 0, 0, 0,
    0, 0, 0, 0, 0, 0, 0, 0,
    0, 0, 0, 0, 0, 0, 0, 0,
    0, 0, 0, -2, 0, 0, -2, 0,
    0, 0, 0, 0, 0, 0, 0, 0,
    0, 0, 0, 0, 0, 0, 0, 0,
    -6, 0, -4, 0, 0, 0, 0, 0,
    0, 0, 0, 0, -2, 0, 0, 0,
    0, 0, 0, 0, 0, 0, 0, 0,
    0, 0, 0, 0, 0, 0, 0, 0,
    0, 0, 0, 0, 0, 0, 0, 0,
    0, 0, 0, 0, 0, 0, 0, 0,
    0, 0, 0, 0, 0, 0, 0, 0,
    0, 0, 0, 0, 0, 0, 0, 0,
    0, 0, 2, 0, 0, -2, -2, -3,
    0, 0, 0, 0, 0, 0, 0, 0,
    0, 0, -2, 0, -2, 0, 0, 0,
    0, 0, 0, 0, 0, 0, 0, 0,
    0, 0, 0, 0, 0, 0, 0, 0,
    0, 0, 0, 0, 0, 0, 0, -2,
    0, 0, -2, 0, 0, 0, 0, 0,
    0, 0, 0, 0, 0, 0, 0, 0,
    0, 0, 0, 0, 0, 0, 0, 0,
    0, 0, 0, 0, 0, 0, 0, 0,
    -2, 0, 0, 0, 0, 0, 0, 0,
    0, 0, 0, 1, 0, 0, 0, 0,
    0, 0, 0, 0, 0, 0, 0, 0,
    0, 0, 0, 0, 0, 0, 0, 0,
    -2, -9, 1, 0, -5, 0, 0, 0,
    0, 1, 0, 0, 0, 0, 0, 0,
    0, 0, 0, 0, 0, 0, -9, 0,
    -9, 0, 0, 0, 0, 0, 0, 0,
    0, 0, -3, 1, 0, 0, 0, 0,
    0, 0, 0, 0, 0, 0, 0, 0,
    0, 0, 0, 0, 0, 0, 0, 0,
    0, 0, 0, 0, 0, 0, 0, 0,
    0, 0, 0, 0, 0, 0, 0, 0,
    0, 0, 0, 0, 0, 0, 0, 0,
    0, 0, 0, 0, 0, 0, 0, 0,
    2, 0, 2, -2, -2, 0, 0, 0,
    1, 0, 0, 0, 0, 0, 0, 0,
    -2, 0, -3, 0, 0, 0, 0, 0,
    0, 0, 0, 0, 0, 0, 0, 0,
    0, 0, 0, 0, 0, 0, 0, 0,
    0, 0, 0, 0, 0, 1, 0, 0,
    0, 0, 0, 0, 0, 0, 0, 0,
    0, 0, 0, 0, 0, 0, 0, 0,
    0, 0, 6, 0, 3, -3, -1, 0,
    0, 0, 0, 0, 0, 0, 0, 0,
    0, 0, -3, 0, -3, 0, 0, 0,
    0, -15, 0, 0, 0, 0, 0, 0,
    0, 0, 0, 0, 0, 0, 0, 0,
    0, 0, 0, 0, 0, 0, 0, 0,
    0, 0, 0, 0, 0, 0, 0, -4,
    0, -1, 0, 0, 0, 0, 0, 0,
    0, 0, 0, 0, 0, 0, 0, -8,
    -4, 0, 0, 0, 0, 0, -5, 0,
    0, -4, 0, 0, -19, 0, -11, 0,
    0, 0, 0, 0, 0, 0, 0, 0,
    0, 0, 0, 0, 0, 0, 0, 0,
    0, 0, 0, 0, 0, 0, 0, 0,
    0, 0, 0, 0, 0, 0, 0, 0,
    0, -1, 0, -2, 0, 0, 0, 0,
    0, 0, 0, 0, 0, 0, -2, 0,
    -1, 0, 0, 0, 0, 0, 0, 0,
    0, 0, 0, 0, 0, 0, 0, 0,
    0, 0, 0, 0, 0, -5, 0, 0,
    0, 0, 0, 0, 0, 0, 0, 0,
    0, 0, 0, 0, 0, 0, 0, 0,
    0, 0, 0, 0, 0, 0, 0, 0,
    0, 0, 0, 0, 0, 0, 0, 0,
    0, 0, 0, 0, 0, 0, 0, 0,
    0, 0, 0, 0, 0, 0, 0, 0,
    0, 0, 0, 0, 0, 0, 0, 0,
    0, 0, 0, 0, 0, 0
};


/*Collect the kern class' data in one place*/
static const lv_font_fmt_txt_kern_classes_t kern_classes =
{
    .class_pair_values   = kern_class_values,
    .left_class_mapping  = kern_left_class_mapping,
    .right_class_mapping = kern_right_class_mapping,
    .left_class_cnt      = 63,
    .right_class_cnt     = 66,
};

/*--------------------
 *  ALL CUSTOM DATA
 *--------------------*/

#if LVGL_VERSION_MAJOR == 8
/*Store all the custom data of the font*/
static  lv_font_fmt_txt_glyph_cache_t cache;
#endif

#if LVGL_VERSION_MAJOR >= 8
static const lv_font_fmt_txt_dsc_t font_dsc = {
#else
static lv_font_fmt_txt_dsc_t font_dsc = {
#endif
    .glyph_bitmap = glyph_bitmap,
    .glyph_dsc = glyph_dsc,
    .cmaps = cmaps,
    .kern_dsc = &kern_classes,
    .kern_scale = 16,
    .cmap_num = 3,
    .bpp = 4,
    .kern_classes = 1,
    .bitmap_format = 0,
#if LVGL_VERSION_MAJOR == 8
    .cache = &cache
#endif
};



/*-----------------
 *  PUBLIC FONT
 *----------------*/

/*Initialize a public general font descriptor*/
#if LVGL_VERSION_MAJOR >= 8
const lv_font_t roboto_14 = {
#else
lv_font_t roboto_14 = {
#endif
    .get_glyph_dsc = lv_font_get_glyph_dsc_fmt_txt,    /*Function pointer to get glyph's data*/
    .get_glyph_bitmap = lv_font_get_bitmap_fmt_txt,    /*Function pointer to get glyph's bitmap*/
    .line_height = 18,          /*The maximum line height required by the font*/
    .base_line = 4,             /*Baseline measured from the bottom of the line*/
#if !(LVGL_VERSION_MAJOR == 6 && LVGL_VERSION_MINOR == 0)
    .subpx = LV_FONT_SUBPX_NONE,
#endif
#if LV_VERSION_CHECK(7, 4, 0) || LVGL_VERSION_MAJOR >= 8
    .underline_position = -1,
    .underline_thickness = 1,
#endif
    .dsc = &font_dsc,          /*The custom font data. Will be accessed by `get_glyph_bitmap/dsc` */
#if LV_VERSION_CHECK(8, 2, 0) || LVGL_VERSION_MAJOR >= 9
    .fallback = NULL,
#endif
    .user_data = NULL,
};



#endif /*#if ROBOTO_14*/

